wavs_paths,peak_frequency,specs,n_syllables
210924-071028_uiM_tt_28s.wav,1500,210924-071028_uiM_tt_28s.jpg,1
210624-094108_1s_uM_tt.wav,10265.625,210624-094108_1s_uM_tt.jpg,3
210707-112111_6s_mie_tt.wav,6468.75,210707-112111_6s_mie_tt.jpg,6
210625-114034_3s_man_tt.wav,8625,210625-114034_3s_man_tt.jpg,5
210914-080445_uafP_tt_1s.wav,9703.125,210914-080445_uafP_tt_1s.jpg,7
211209-112549_uM_tt_78s.wav,1312.5,211209-112549_uM_tt_78s.jpg,1
220223-075957_25s_uT_tt.wav,6046.875,220223-075957_25s_uT_tt.jpg,1
211103-082228_TAN_tt_1s.wav,4265.625,211103-082228_TAN_tt_1s.jpg,6
220120-134001_61s_TRU_tt.wav,10875,220120-134001_61s_TRU_tt.jpg,5
210924-071430_MEZ_tt_29s.wav,3468.75,210924-071430_MEZ_tt_29s.jpg,7
210623-141552_5s_tot_tt.wav,5953.125,210623-141552_5s_tot_tt.jpg,5
210625-113350_55s_mis_tt.wav,4406.25,210625-113350_55s_mis_tt.jpg,9
210624-064957_38s_mez_tt.wav,3375,210624-064957_38s_mez_tt.jpg,7
210405_0699_24s_tic_tt.wav,3515.625,210405_0699_24s_tic_tt.jpg,5
210715-111006_16s_uiM_tt.wav,4781.25,210715-111006_16s_uiM_tt.jpg,5
220120-133810_82s_TRU_tt.wav,5437.5,220120-133810_82s_TRU_tt.jpg,11
210924-075636_MEZ_tt_5s.wav,10500,210924-075636_MEZ_tt_5s.jpg,4
210412_0729_219s_ter_tt.wav,8906.25,210412_0729_219s_ter_tt.jpg,4
220120-133810_53s_TRU_tt.wav,9468.75,220120-133810_53s_TRU_tt.jpg,11
211123-104000_TRU_tt_5s.wav,3562.5,211123-104000_TRU_tt_5s.jpg,6
210629-075830_16s_ujfM_tt.wav,9000,210629-075830_16s_ujfM_tt.jpg,5
221213-111919_41s_MUL_tt.wav,7687.5,221213-111919_41s_MUL_tt.jpg,15
211215-091739_PAT_tt_27s.wav,6890.625,211215-091739_PAT_tt_27s.jpg,5
210624-143821_4s_uM_tt.wav,10640.625,210624-143821_4s_uM_tt.jpg,6
210621-120822_16s_ujfM_tt.wav,9562.5,210621-120822_16s_ujfM_tt.jpg,8
210617-083954_9s_mul_tt.wav,3796.875,210617-083954_9s_mul_tt.jpg,5
210928-091542_TET_tt_19s.wav,3750,210928-091542_TET_tt_19s.jpg,9
211117-070643_TEL_tt_2.0s.wav,5109.375,211117-070643_TEL_tt_2.0s.jpg,5
220120-133241_52s_TRU_tt.wav,9515.625,220120-133241_52s_TRU_tt.jpg,2
210621-121359_75s_ujfM_tt.wav,6234.375,210621-121359_75s_ujfM_tt.jpg,5
210922-131001_MYK_tt_156.wav,11296.875,210922-131001_MYK_tt_156.jpg,
210720-141958_MUL_tt_1s.wav,6421.875,210720-141958_MUL_tt_1s.jpg,
210622-092043_11s_ujfT_tt.wav,8437.5,210622-092043_11s_ujfT_tt.jpg,
210226_0196t_12s_uE_tt.wav,5343.75,210226_0196t_12s_uE_tt.jpg,
220223-114947_4s_TRU_tt.wav,9093.75,220223-114947_4s_TRU_tt.jpg,
210624-100923_23s_uiM_tt.wav,4546.875,210624-100923_23s_uiM_tt.jpg,
210628-104348_11s_uM_tt.wav,6937.5,210628-104348_11s_uM_tt.jpg,
210629-055354_6s_uiM_tt.wav,7875,210629-055354_6s_uiM_tt.jpg,
210921-064627_uiM_tt_19s.wav,3421.875,210921-064627_uiM_tt_19s.jpg,
210308_0488_22s_tes_tt.wav,4125,210308_0488_22s_tes_tt.jpg,
211209-112150_MIE_tt_150s.wav,3937.5,211209-112150_MIE_tt_150s.jpg,
210624-060504_1s_ujf_tt.wav,8109.375,210624-060504_1s_ujf_tt.jpg,
210921-111427_MUL_tt_2s.wav,6468.75,210921-111427_MUL_tt_2s.jpg,
220202-153635_MIE_tt_17s.wav,4171.875,220202-153635_MIE_tt_17s.jpg,
210707-112255_1s_uiM_tt.wav,4125,210707-112255_1s_uiM_tt.jpg,
220120-133515_93s_TRU_tt.wav,8671.875,220120-133515_93s_TRU_tt.jpg,
210628-115735_30s_uiM_tt.wav,1546.875,210628-115735_30s_uiM_tt.jpg,
210628-115735_4s_uiM_tt.wav,4312.5,210628-115735_4s_uiM_tt.jpg,
211129-101132_TOT_tt_1s.wav,12140.625,211129-101132_TOT_tt_1s.jpg,
210702-100047_22s_uM_tt.wav,6937.5,210702-100047_22s_uM_tt.jpg,
220207-131717_9s_TEL_tt.wav,3843.75,220207-131717_9s_TEL_tt.jpg,
210405_0712_1s_tic_tt.wav,5203.125,210405_0712_1s_tic_tt.jpg,
210924-070344_MEZ_tt_15s.wav,3515.625,210924-070344_MEZ_tt_15s.jpg,
210623-142125_35s_tua_tt.wav,3468.75,210623-142125_35s_tua_tt.jpg,
220120-133241_49s_TRU_tt.wav,3609.375,220120-133241_49s_TRU_tt.jpg,
210706-123222_6s_man_tt.wav,6093.75,210706-123222_6s_man_tt.jpg,
210713-064036_12s_uiM_tt.wav,4640.625,210713-064036_12s_uiM_tt.jpg,
210922-134647_MYK_tt_21s.wav,7125,210922-134647_MYK_tt_21s.jpg,
220203-092139_1s_MON_tt.wav,7265.625,220203-092139_1s_MON_tt.jpg,
210708-111200_15s_ujfM_tt.wav,4500,210708-111200_15s_ujfM_tt.jpg,
210622-112218_TOT_tt_7s.wav,4125,210622-112218_TOT_tt_7s.jpg,
210623-141437_28s_tru_tt.wav,3843.75,210623-141437_28s_tru_tt.jpg,
210623-102846_7s_ufT_tt.wav,3937.5,210623-102846_7s_ufT_tt.jpg,
140101-005306_TRU_tt_35s.wav,9421.875,140101-005306_TRU_tt_35s.jpg,
210621-120822_17s_ujfM_tt.wav,6984.375,210621-120822_17s_ujfM_tt.jpg,
211103-061105_TER_tt_1s.wav,4406.25,211103-061105_TER_tt_1s.jpg,
210624-083131_17s_um_tt.wav,4078.125,210624-083131_17s_um_tt.jpg,
210701-124620_26s_myk_tt.wav,2906.25,210701-124620_26s_myk_tt.jpg,
221213-111919_33s_MUL_tt.wav,6937.5,221213-111919_33s_MUL_tt.jpg,
210702-082713_58s_uM_tt.wav,4031.25,210702-082713_58s_uM_tt.jpg,
140101-005034_TRU_tt_60s.wav,9375,140101-005034_TRU_tt_60s.jpg,
210707-081733_14s_mon_tt.wav,6421.875,210707-081733_14s_mon_tt.jpg,
210618-085548_1s_tin_tt.wav,7968.75,210618-085548_1s_tin_tt.jpg,
210621-110928_10s_man_tt.wav,7078.125,210621-110928_10s_man_tt.jpg,
211101-131059_PRU_tt_65s.wav,1640.625,211101-131059_PRU_tt_65s.jpg,
210707-063252_1s_mul_tt.wav,5765.625,210707-063252_1s_mul_tt.jpg,
220201-133527_31s_uM_tt.wav,1265.625,220201-133527_31s_uM_tt.jpg,
140101-005306_TRU_tt_19s.wav,9421.875,140101-005306_TRU_tt_19s.jpg,
210706-102422_21s_uiM_tt.wav,3890.625,210706-102422_21s_uiM_tt.jpg,
210625-110714_113s_mon_tt.wav,6093.75,210625-110714_113s_mon_tt.jpg,
220223-075957_19s_uT_tt.wav,6515.625,220223-075957_19s_uT_tt.jpg,
220202-151621_uM_tt_1s.wav,3187.5,220202-151621_uM_tt_1s.jpg,
140101-003901_TRU_tt_10s.wav,8859.375,140101-003901_TRU_tt_10s.jpg,
210628-115735_28s_uiM_tt.wav,4125,210628-115735_28s_uiM_tt.jpg,
210423_0768_8s_pes_tt.wav,3703.125,210423_0768_8s_pes_tt.jpg,
220120-124917_TET_tt_10s.wav,8812.5,220120-124917_TET_tt_10s.jpg,
210618-084933_14s_tan_tt.wav,4312.5,210618-084933_14s_tan_tt.jpg,
211209-100952_MIE_tt_3s.wav,4125,211209-100952_MIE_tt_3s.jpg,
210924-075545_MEZ_tt_40s.wav,6375,210924-075545_MEZ_tt_40s.jpg,
210715-092520_4s_mie_tt.wav,6328.125,210715-092520_4s_mie_tt.jpg,
220201-095023_MEZ_tt_24s.wav,3375,220201-095023_MEZ_tt_24s.jpg,
220223-083328_1s_TAM_tt.wav,11062.5,220223-083328_1s_TAM_tt.jpg,
140101-003814_TRU_tt_13s.wav,9000,140101-003814_TRU_tt_13s.jpg,
220201-133527_30s_uM_tt.wav,3562.5,220201-133527_30s_uM_tt.jpg,
210719-112537_MIE_tt_1s.wav,6984.375,210719-112537_MIE_tt_1s.jpg,
210928-091542_TET_tt_1s.wav,3843.75,210928-091542_TET_tt_1s.jpg,
211101-131249_PRU_tt_1s.wav,3375,211101-131249_PRU_tt_1s.jpg,
220120-124917_TET_tt_33s.wav,8578.125,220120-124917_TET_tt_33s.jpg,
220120-133810_98s_TRU_tt.wav,3093.75,220120-133810_98s_TRU_tt.jpg,
221214-130442_16s_MON_tt.wav,6328.125,221214-130442_16s_MON_tt.jpg,
210623-141437_10s_uafT_tt.wav,9140.625,210623-141437_10s_uafT_tt.jpg,
220120-134001_59s_TRU_tt.wav,9140.625,220120-134001_59s_TRU_tt.jpg,
221206-073548_123s_TET_tt.wav,8578.125,221206-073548_123s_TET_tt.jpg,
220107-084845_5s_TEL_st.wav,3937.5,220107-084845_5s_TEL_st.jpg,
220201-133527_14s_uM_tt.wav,1218.75,220201-133527_14s_uM_tt.jpg,
140101-003901_TRU_tt_1s.wav,8718.75,140101-003901_TRU_tt_1s.jpg,
210621-111704_uafT_tt_1s.wav,9468.75,210621-111704_uafT_tt_1s.jpg,
211022-091419_TIC_tt_1s.wav,5859.375,211022-091419_TIC_tt_1s.jpg,
210629-090743_4s_mon_tt.wav,11765.625,210629-090743_4s_mon_tt.jpg,
210618-080554_4s_tel_tt.wav,4968.75,210618-080554_4s_tel_tt.jpg,
210629-092308_5s_mis_tt.wav,7406.25,210629-092308_5s_mis_tt.jpg,
210916-122159_uafP_tt_1s.wav,6187.5,210916-122159_uafP_tt_1s.jpg,
220126-155024_uM_tt_33s.wav,1359.375,220126-155024_uM_tt_33s.jpg,
210624-071329_39s_ujM_tt.wav,11953.125,210624-071329_39s_ujM_tt.jpg,
210928-090527_TET_tt_1s.wav,3843.75,210928-090527_TET_tt_1s.jpg,
210624-101508_3s_uiM_tt.wav,7078.125,210624-101508_3s_uiM_tt.jpg,
210621-111024_TOT_tt_3s.wav,6562.5,210621-111024_TOT_tt_3s.jpg,
210628-122957_8s_ujM_tt.wav,3937.5,210628-122957_8s_ujM_tt.jpg,
210916-110200_PEA_tt_1s.wav,6140.625,210916-110200_PEA_tt_1s.jpg,
211215-092207_PAT_tt_41s.wav,6515.625,211215-092207_PAT_tt_41s.jpg,
210702-080437_6s_mis_tt.wav,6656.25,210702-080437_6s_mis_tt.jpg,
220208-164331_23s_TOT_tt.wav,6890.625,220208-164331_23s_TOT_tt.jpg,
220120-133515_18s_TRU_tt.wav,3515.625,220120-133515_18s_TRU_tt.jpg,
210117-150829_TRU_tt_33s.wav,11859.375,210117-150829_TRU_tt_33s.jpg,
220201-133527_17.0s_uM_tt.wav,2718.75,220201-133527_17.0s_uM_tt.jpg,
210922-131001_MYK_tt_71s.wav,12140.625,210922-131001_MYK_tt_71s.jpg,
210625-104708_15s_ujM_tt.wav,7593.75,210625-104708_15s_ujM_tt.jpg,
140101-004327_TRU_tt_6s.wav,9375,140101-004327_TRU_tt_6s.jpg,
220303-095929_1s_MIE_tt.wav,4125,220303-095929_1s_MIE_tt.jpg,
140101-005951_TRU_tt_56s.wav,5812.5,140101-005951_TRU_tt_56s.jpg,
210625-122225_21s_uiM_tt.wav,8859.375,210625-122225_21s_uiM_tt.jpg,
211209-112150_MIE_tt_157s.wav,4828.125,211209-112150_MIE_tt_157s.jpg,
220308-092126_10s_uM_tt.wav,1500,220308-092126_10s_uM_tt.jpg,
210714-142645_80s_uiM_tt.wav,7265.625,210714-142645_80s_uiM_tt.jpg,
210702-080437_10s_mis_tt.wav,6890.625,210702-080437_10s_mis_tt.jpg,
220201-132055_10s_MEZ_tt.wav,1687.5,220201-132055_10s_MEZ_tt.jpg,
220308-092430_41s_MEZ_tt.wav,5718.75,220308-092430_41s_MEZ_tt.jpg,
211123-104135_TRU_tt_1s.wav,9093.75,211123-104135_TRU_tt_1s.jpg,
210618-084933_25s_tan_tt.wav,7968.75,210618-084933_25s_tan_tt.jpg,
211005-125519_TIG_tt_36s.wav,3656.25,211005-125519_TIG_tt_36s.jpg,
210628-124211_14s_uM_tt.wav,5250,210628-124211_14s_uM_tt.jpg,
220201-140423_11s_MYK_st.wav,10359.375,220201-140423_11s_MYK_st.jpg,
211006-082243_TRU_tt_24s.wav,3468.75,211006-082243_TRU_tt_24s.jpg,
210826-150912_TOT_tt_1s.wav,9375,210826-150912_TOT_tt_1s.jpg,
220120-140057_123s_TRU_tt.wav,6140.625,220120-140057_123s_TRU_tt.jpg,
220107-083201_TRU_tt_60s.wav,3984.375,220107-083201_TRU_tt_60s.jpg,
220201-133527_17.6s_uM_tt.wav,1218.75,220201-133527_17.6s_uM_tt.jpg,
210624-093233_37s_uiM_tt.wav,4640.625,210624-093233_37s_uiM_tt.jpg,
211209-092558_MIE_tt_10s.wav,5671.875,211209-092558_MIE_tt_10s.jpg,
210715-061606_2s_uM_tt.wav,8578.125,210715-061606_2s_uM_tt.jpg,
220217-153757_45s_uafP_tt.wav,10640.625,220217-153757_45s_uafP_tt.jpg,
140101-004225_TRU_tt_6s.wav,9187.5,140101-004225_TRU_tt_6s.jpg,
210707-112340_6s_myk_tt.wav,4078.125,210707-112340_6s_myk_tt.jpg,
140101-005951_TRU_tt_68s.wav,9421.875,140101-005951_TRU_tt_68s.jpg,
210618-084933_29s_tan_tt.wav,7968.75,210618-084933_29s_tan_tt.jpg,
210625-105535_10s_mon_tt.wav,3984.375,210625-105535_10s_mon_tt.jpg,
210623-093523_27s_uT_tt.wav,6140.625,210623-093523_27s_uT_tt.jpg,
210916-121932_uafP_tt_1s.wav,9093.75,210916-121932_uafP_tt_1s.jpg,
210713-065557_15s_may_tt.wav,7500,210713-065557_15s_may_tt.jpg,
210625-102008_12s_mus_tt.wav,4453.125,210625-102008_12s_mus_tt.jpg,
210826-150826_TOT_tt_1s.wav,6187.5,210826-150826_TOT_tt_1s.jpg,
210826-143137_TOT_tt_26s.wav,11812.5,210826-143137_TOT_tt_26s.jpg,
210707-081835_2s_mon_tt.wav,6468.75,210707-081835_2s_mon_tt.jpg,
210618-084933_13s_tan_tt.wav,4125,210618-084933_13s_tan_tt.jpg,
210629-081006_9s_mez_tt.wav,5859.375,210629-081006_9s_mez_tt.jpg,
210623-141437_30s_tru_tt.wav,12281.25,210623-141437_30s_tru_tt.jpg,
220120-132951_10s_TRU_tt.wav,4265.625,220120-132951_10s_TRU_tt.jpg,
210702-080437_32s_mis_tt.wav,4031.25,210702-080437_32s_mis_tt.jpg,
220207-131717_7s_TEL_tt.wav,3937.5,220207-131717_7s_TEL_tt.jpg,
220203-091225_48s_MON_tt.wav,6656.25,220203-091225_48s_MON_tt.jpg,
140101-004751_TRU_tt_5s.wav,9187.5,140101-004751_TRU_tt_5s.jpg,
210208_0192_1s_tru_tt.wav,1171.875,210208_0192_1s_tru_tt.jpg,
210519-083812_um_tt_001.wav,7828.125,210519-083812_um_tt_001.jpg,
220120-130041_TET_tt_59s.wav,4359.375,220120-130041_TET_tt_59s.jpg,
210714-131928_13s_uiM_tt.wav,8437.5,210714-131928_13s_uiM_tt.jpg,
211006-084304_TET_tt_1s.wav,3890.625,211006-084304_TET_tt_1s.jpg,
210701-122810_75s_mon_tt.wav,7875,210701-122810_75s_mon_tt.jpg,
210906-110128_TIG_tt_1s.wav,6140.625,210906-110128_TIG_tt_1s.jpg,
220308-092126_24s_uM_tt.wav,3187.5,220308-092126_24s_uM_tt.jpg,
210622-090611_73s_mez_tt.wav,1312.5,210622-090611_73s_mez_tt.jpg,
210706-124328_4s_mie_tt.wav,7781.25,210706-124328_4s_mie_tt.jpg,
220203-143130_MEZ_tt_1s.wav,3468.75,220203-143130_MEZ_tt_1s.jpg,
220120-132420_TRU_tt_33s.wav,8625,220120-132420_TRU_tt_33s.jpg,
210622-100027_10s_ujfT_tt.wav,7171.875,210622-100027_10s_ujfT_tt.jpg,
210624-093233_16s_uiM_tt.wav,4640.625,210624-093233_16s_uiM_tt.jpg,
211101-131352_PRU_tt_27s.wav,4078.125,211101-131352_PRU_tt_27s.jpg,
210621-121359_58s_mis_tt.wav,7734.375,210621-121359_58s_mis_tt.jpg,
221214-143601_148s_MIS_tt.wav,8765.625,221214-143601_148s_MIS_tt.jpg,
210701-103813_4s_uM_tt.wav,6703.125,210701-103813_4s_uM_tt.jpg,
210922-131001_MYK_tt_142s.wav,10921.875,210922-131001_MYK_tt_142s.jpg,
210629-071000_13s_uM_tt.wav,7500,210629-071000_13s_uM_tt.jpg,
210705-125954_21s_myk_tt.wav,6328.125,210705-125954_21s_myk_tt.jpg,
220114-062549_TRU_tt_1s.wav,6281.25,220114-062549_TRU_tt_1s.jpg,
210629-075830_94s_mau_tt.wav,5953.125,210629-075830_94s_mau_tt.jpg,
210701-121831_14s_ujM_tt.wav,6093.75,210701-121831_14s_ujM_tt.jpg,
210628-104243_9s_ujf_tt.wav,6750,210628-104243_9s_ujf_tt.jpg,
220201-132055_8s_MEZ_tt.wav,5953.125,220201-132055_8s_MEZ_tt.jpg,
220126-075743_7s_MIE_tt.wav,13734.375,220126-075743_7s_MIE_tt.jpg,
211122-110336_TRU_tt_1s.wav,6328.125,211122-110336_TRU_tt_1s.jpg,
220120-134701_28s_TRU_tt.wav,8812.5,220120-134701_28s_TRU_tt.jpg,
220120-130041_TET_tt_1s.wav,1265.625,220120-130041_TET_tt_1s.jpg,
220201-095023_MEZ_tt_27s.wav,3609.375,220201-095023_MEZ_tt_27s.jpg,
210616-131243_9s_ujT_tt.wav,6187.5,210616-131243_9s_ujT_tt.jpg,
220201-133527_20.9s_uM_tt.wav,5062.5,220201-133527_20.9s_uM_tt.jpg,
210628-110152_68s_uiM_tt.wav,4500,210628-110152_68s_uiM_tt.jpg,
220120-131201_TET_tt_1s.wav,4078.125,220120-131201_TET_tt_1s.jpg,
220120-132420_TRU_tt_51s.wav,9515.625,220120-132420_TRU_tt_51s.jpg,
210708-111200_5s_ujfM_tt.wav,6421.875,210708-111200_5s_ujfM_tt.jpg,
211209-112150_MIE_tt_1s.wav,7312.5,211209-112150_MIE_tt_1s.jpg,
220201-133527_11s_uM_tt.wav,1171.875,220201-133527_11s_uM_tt.jpg,
210721-101948_MEZ_tt_4s.wav,6890.625,210721-101948_MEZ_tt_4s.jpg,
211006-082415_TRU_tt_24s.wav,7171.875,211006-082415_TRU_tt_24s.jpg,
211130-134607_TRU_tt_7s.wav,6281.25,211130-134607_TRU_tt_7s.jpg,
220107-084845_24s_TEL_st.wav,2390.625,220107-084845_24s_TEL_st.jpg,
210623-115945_1s_ujf_tt.wav,6281.25,210623-115945_1s_ujf_tt.jpg,
210118-075441_TOT_tt_2s.wav,6515.625,210118-075441_TOT_tt_2s.jpg,
210616-132504_TES_tt_6s.wav,9796.875,210616-132504_TES_tt_6s.jpg,
210907-074529_TIQ_tt_1s.wav,5953.125,210907-074529_TIQ_tt_1s.jpg,
140101-003901_TRU_tt_22s.wav,3984.375,140101-003901_TRU_tt_22s.jpg,
210629-080716_7s_mez_tt.wav,5062.5,210629-080716_7s_mez_tt.jpg,
210910-070837_uafP_tt_1s.wav,4828.125,210910-070837_uafP_tt_1s.jpg,
210616-124210_4s_tua_tt.wav,6750,210616-124210_4s_tua_tt.jpg,
211208-111533_MIE_tt_26s.wav,4593.75,211208-111533_MIE_tt_26s.jpg,
220120-130041_TET_tt_76s.wav,8203.125,220120-130041_TET_tt_76s.jpg,
210312_0557_87s_ter_tt.wav,7546.875,210312_0557_87s_ter_tt.jpg,
210707-081733_15s_mon_tt.wav,7171.875,210707-081733_15s_mon_tt.jpg,
211209-092558_MIE_tt_24s.wav,5812.5,211209-092558_MIE_tt_24s.jpg,
210624-060901_6s_man_tt.wav,4125,210624-060901_6s_man_tt.jpg,
220120-133410_45s_TRU_tt.wav,10125,220120-133410_45s_TRU_tt.jpg,
210305_0452_0s_uM_tt.wav,8812.5,210305_0452_0s_uM_tt.jpg,
220120-134956_27s_TRU_tt.wav,9000,220120-134956_27s_TRU_tt.jpg,
210621-121359_51s_mis_tt.wav,6609.375,210621-121359_51s_mis_tt.jpg,
210702-082713_42s_mie_tt.wav,4734.375,210702-082713_42s_mie_tt.jpg,
210916-123819_uafP_tt_33s.wav,12328.125,210916-123819_uafP_tt_33s.jpg,
210702-081224_7s_uM_tt.wav,7265.625,210702-081224_7s_uM_tt.jpg,
210621-121359_90s_mis_tt.wav,7031.25,210621-121359_90s_mis_tt.jpg,
210709-101344_12s_uM_tt.wav,4125,210709-101344_12s_uM_tt.jpg,
210624-092509_72s_uM_tt.wav,6703.125,210624-092509_72s_uM_tt.jpg,
140101-004225_TRU_tt_31s.wav,9187.5,140101-004225_TRU_tt_31s.jpg,
211209-112549_uM_tt_65s.wav,1265.625,211209-112549_uM_tt_65s.jpg,
210621-120742_uT_tt_6s.wav,2671.875,210621-120742_uT_tt_6s.jpg,
220120-133515_43s_TRU_tt.wav,9328.125,220120-133515_43s_TRU_tt.jpg,
210921-064627_uiM_tt_11s.wav,3234.375,210921-064627_uiM_tt_11s.jpg,
210707-092016_1s_mul_tt.wav,6093.75,210707-092016_1s_mul_tt.jpg,
210623-143216_16s_tru_tt.wav,4078.125,210623-143216_16s_tru_tt.jpg,
210628-115423_3s_uiM_tt.wav,7734.375,210628-115423_3s_uiM_tt.jpg,
221206-072611_93s_TET_tt.wav,4125,221206-072611_93s_TET_tt.jpg,
220120-135341_69s_TRU_tt.wav,10078.125,220120-135341_69s_TRU_tt.jpg,
210623-094607_5s_tot_tt.wav,6140.625,210623-094607_5s_tot_tt.jpg,
210629-101654_18s_may_tt.wav,6140.625,210629-101654_18s_may_tt.jpg,
210624-100923_41s_uiM_tt.wav,5906.25,210624-100923_41s_uiM_tt.jpg,
220120-132420_TRU_tt_44s.wav,1968.75,220120-132420_TRU_tt_44s.jpg,
210621-120742_uT_tt_1s.wav,6375,210621-120742_uT_tt_1s.jpg,
210707-060034_6s_mil_tt.wav,3750,210707-060034_6s_mil_tt.jpg,
221206-072611_27s_TET_tt.wav,8765.625,221206-072611_27s_TET_tt.jpg,
210624-101508_5s_uiM_tt.wav,6890.625,210624-101508_5s_uiM_tt.jpg,
221206-072903_9s_TET_tt.wav,9046.875,221206-072903_9s_TET_tt.jpg,
211103-063353_TER_tt_40s.wav,4078.125,211103-063353_TER_tt_40s.jpg,
210623-142411_15s_tru_tt.wav,4031.25,210623-142411_15s_tru_tt.jpg,
210629-075830_88s_mau_tt.wav,9703.125,210629-075830_88s_mau_tt.jpg,
211209-112549_uM_tt_38s.wav,4593.75,211209-112549_uM_tt_38s.jpg,
211006-081406_TOT_tt_74s.wav,10265.625,211006-081406_TOT_tt_74s.jpg,
210618-084933_2s_tan_tt.wav,5906.25,210618-084933_2s_tan_tt.jpg,
211130-130228_TET_tt_3s.wav,6046.875,211130-130228_TET_tt_3s.jpg,
210908-111528_TEL_tt_6s.wav,10921.875,210908-111528_TEL_tt_6s.jpg,
210629-070148_1s_mus_tt.wav,6046.875,210629-070148_1s_mus_tt.jpg,
210628-122909_19s_uM_tt.wav,6937.5,210628-122909_19s_uM_tt.jpg,
211103-114817_TAN_tt_41s.wav,4171.875,211103-114817_TAN_tt_41s.jpg,
210928-090736_TET_tt_27s.wav,3656.25,210928-090736_TET_tt_27s.jpg,
211215-092207_PAT_tt_68s.wav,7031.25,211215-092207_PAT_tt_68s.jpg,
210617-122024_23s_uiM_tt.wav,9468.75,210617-122024_23s_uiM_tt.jpg,
210713-065557_16s_uiM_tt.wav,5250,210713-065557_16s_uiM_tt.jpg,
210707-060034_34s_mon_tt.wav,6703.125,210707-060034_34s_mon_tt.jpg,
210706-125537_1s_man_tt.wav,4078.125,210706-125537_1s_man_tt.jpg,
210702-080437_26s_mis_tt.wav,5250,210702-080437_26s_mis_tt.jpg,
140101-004751_TRU_tt_16s.wav,9562.5,140101-004751_TRU_tt_16s.jpg,
210618-084528_18s_tab_tt.wav,7875,210618-084528_18s_tab_tt.jpg,
210916-122159_uafP_tt_8s.wav,6140.625,210916-122159_uafP_tt_8s.jpg,
210618-081717_9s_tua_tt.wav,8015.625,210618-081717_9s_tua_tt.jpg,
210624-135136_1s_ujM_tt.wav,8671.875,210624-135136_1s_ujM_tt.jpg,
220202-151859_MEZ_tt_8s.wav,3468.75,220202-151859_MEZ_tt_8s.jpg,
220308-092430_17s_MEZ_tt.wav,3468.75,220308-092430_17s_MEZ_tt.jpg,
210224_0325_5s_tes_tt.wav,2906.25,210224_0325_5s_tes_tt.jpg,
210622-122953_TOT_tt_1s.wav,6046.875,210622-122953_TOT_tt_1s.jpg,
210719-113456_MYK_tt_6s.wav,1406.25,210719-113456_MYK_tt_6s.jpg,
210702-080132_1s_mis_tt.wav,12328.125,210702-080132_1s_mis_tt.jpg,
210625-115545_115s_may_tt.wav,4078.125,210625-115545_115s_may_tt.jpg,
220202-151859_MEZ_tt_1s.wav,1359.375,220202-151859_MEZ_tt_1s.jpg,
210910-074041_uafP_tt_1s.wav,10359.375,210910-074041_uafP_tt_1s.jpg,
210616-132136_uafT_tt_6s.wav,9234.375,210616-132136_uafT_tt_6s.jpg,
210702-091451_5s_ujM_tt.wav,9890.625,210702-091451_5s_ujM_tt.jpg,
220120-132928_12s_TRU_tt.wav,4546.875,220120-132928_12s_TRU_tt.jpg,
220120-132841_TRU_tt_22s.wav,5109.375,220120-132841_TRU_tt_22s.jpg,
211119-100140_TRU_tt_16s.wav,8765.625,211119-100140_TRU_tt_16s.jpg,
210623-142713_48s_tru_tt.wav,3562.5,210623-142713_48s_tru_tt.jpg,
210826-143250_TUA_tt_1s.wav,6375,210826-143250_TUA_tt_1s.jpg,
210618-084432_1s_tot_tt.wav,3562.5,210618-084432_1s_tot_tt.jpg,
210908-093000_TIC_tt_12s.wav,5859.375,210908-093000_TIC_tt_12s.jpg,
210714-132059_1s_man_tt.wav,17625,210714-132059_1s_man_tt.jpg,
210625-121053_15s_uiM_tt.wav,3843.75,210625-121053_15s_uiM_tt.jpg,
140101-005306_TRU_tt_47s.wav,3515.625,140101-005306_TRU_tt_47s.jpg,
210916-123819_uafP_tt_25s.wav,9000,210916-123819_uafP_tt_25s.jpg,
140101-005034_TRU_tt_24s.wav,9093.75,140101-005034_TRU_tt_24s.jpg,
220120-133515_40s_TRU_tt.wav,9000,220120-133515_40s_TRU_tt.jpg,
220120-133810_31s_TRU_tt.wav,9234.375,220120-133810_31s_TRU_tt.jpg,
210621-110928_11s_man_tt.wav,3937.5,210621-110928_11s_man_tt.jpg,
210623-141552_36s_tru_tt.wav,6750,210623-141552_36s_tru_tt.jpg,
220120-133810_19s_TRU_tt.wav,5156.25,220120-133810_19s_TRU_tt.jpg,
210629-075830_2s_uiM_tt.wav,8343.75,210629-075830_2s_uiM_tt.jpg,
220120-133515_48s_TRU_tt.wav,5109.375,220120-133515_48s_TRU_tt.jpg,
220201-133527_10s_uM_tt.wav,1078.125,220201-133527_10s_uM_tt.jpg,
210629-090743_11s_mon_tt.wav,6421.875,210629-090743_11s_mon_tt.jpg,
210706-125428_20s_man_tt.wav,4218.75,210706-125428_20s_man_tt.jpg,
210924-070440_MEZ_tt_5s.wav,3609.375,210924-070440_MEZ_tt_5s.jpg,
210719-113456_MYK_tt_3s.wav,1781.25,210719-113456_MYK_tt_3s.jpg,
210715-054105_60s_uM_tt.wav,6093.75,210715-054105_60s_uM_tt.jpg,
211130-125454_TET_tt_29s.wav,3937.5,211130-125454_TET_tt_29s.jpg,
220120-130041_TET_tt_27s.wav,8296.875,220120-130041_TET_tt_27s.jpg,
210624-083857_32.5s_man_tt.wav,4546.875,210624-083857_32.5s_man_tt.jpg,
210611-094948_ujP_tt_5s.wav,11390.625,210611-094948_ujP_tt_5s.jpg,
210629-080907_1s_mez_tt.wav,3562.5,210629-080907_1s_mez_tt.jpg,
210706-132810_31s_uiM_tt.wav,6562.5,210706-132810_31s_uiM_tt.jpg,
220120-134225_3s_TRU_tt.wav,9890.625,220120-134225_3s_TRU_tt.jpg,
210924-080029_MEZ_tt_11s.wav,5484.375,210924-080029_MEZ_tt_11s.jpg,
210908-111159_TEL_tt_1s.wav,5953.125,210908-111159_TEL_tt_1s.jpg,
210624-101508_6s_uiM_tt.wav,7593.75,210624-101508_6s_uiM_tt.jpg,
210308_0468_1s_tet_tt.wav,3703.125,210308_0468_1s_tet_tt.jpg,
220120-130041_TET_tt_40s.wav,4078.125,220120-130041_TET_tt_40s.jpg,
220120-130041_TET_tt_53s.wav,8625,220120-130041_TET_tt_53s.jpg,
210708-121833_11s_uM_tt.wav,5812.5,210708-121833_11s_uM_tt.jpg,
210625-110714_4s_mon_tt.wav,6000,210625-110714_4s_mon_tt.jpg,
210625-110714_108s_mon_tt.wav,6609.375,210625-110714_108s_mon_tt.jpg,
220120-135314_1s_TRU_tt.wav,6328.125,220120-135314_1s_TRU_tt.jpg,
210702-083353_2s_uM_tt.wav,5109.375,210702-083353_2s_uM_tt.jpg,
210616-125621_TET_tt_1s.wav,3890.625,210616-125621_TET_tt_1s.jpg,
210928-091439_TET_tt_43s.wav,4078.125,210928-091439_TET_tt_43s.jpg,
221206-072611_15s_TET_tt.wav,3750,221206-072611_15s_TET_tt.jpg,
210616-140053_TOT_tt_18s.wav,6515.625,210616-140053_TOT_tt_18s.jpg,
210707-065518_1s_mul_tt.wav,5390.625,210707-065518_1s_mul_tt.jpg,
210621-121359_76s_mis_tt.wav,7078.125,210621-121359_76s_mis_tt.jpg,
210914-080445_uafP_tt_28s.wav,4546.875,210914-080445_uafP_tt_28s.jpg,
210707-112340_5s_myk_tt.wav,6656.25,210707-112340_5s_myk_tt.jpg,
210706-125537_2s_man_tt.wav,8109.375,210706-125537_2s_man_tt.jpg,
210618-084933_4s_tan_tt.wav,4921.875,210618-084933_4s_tan_tt.jpg,
211006-110152_TIN_tt_1s.wav,10218.75,211006-110152_TIN_tt_1s.jpg,
210908-094647_TIC_tt_1s.wav,5343.75,210908-094647_TIC_tt_1s.jpg,
210628-115657_1s_uiM_tt.wav,5156.25,210628-115657_1s_uiM_tt.jpg,
210928-091542_TET_tt_7s.wav,3656.25,210928-091542_TET_tt_7s.jpg,
220120-133410_26s_TRU_tt.wav,9093.75,220120-133410_26s_TRU_tt.jpg,
210624-133756_8s_ujM_tt.wav,3796.875,210624-133756_8s_ujM_tt.jpg,
211006-110059_TOT_tt_1s.wav,3421.875,211006-110059_TOT_tt_1s.jpg,
140101-004327_TRU_tt_12s.wav,9281.25,140101-004327_TRU_tt_12s.jpg,
210719-111637_MIE_tt_47s.wav,6375,210719-111637_MIE_tt_47s.jpg,
210624-083131_12s_man_tt.wav,4921.875,210624-083131_12s_man_tt.jpg,
211006-131608_TRU_tt_1s.wav,6187.5,211006-131608_TRU_tt_1s.jpg,
210621-121634_25s_mis_tt.wav,7359.375,210621-121634_25s_mis_tt.jpg,
220120-125119_TET_tt_11s.wav,8156.25,220120-125119_TET_tt_11s.jpg,
210302_0392_101s_tet_tt.wav,8765.625,210302_0392_101s_tet_tt.jpg,
210624-081110_65s_um_tt.wav,7875,210624-081110_65s_um_tt.jpg,
210706-123607_59s_mie_tt.wav,7265.625,210706-123607_59s_mie_tt.jpg,
210715-111104_16s_uM_tt.wav,4453.125,210715-111104_16s_uM_tt.jpg,
220201-094556_uM_tt_86s.wav,1406.25,220201-094556_uM_tt_86s.jpg,
220120-133810_30s_TRU_tt.wav,8859.375,220120-133810_30s_TRU_tt.jpg,
210629-080716_10s_mez_tt.wav,4687.5,210629-080716_10s_mez_tt.jpg,
210616-122823_7s_uT_tt.wav,6187.5,210616-122823_7s_uT_tt.jpg,
210621-121359_93s_mis_tt.wav,6375,210621-121359_93s_mis_tt.jpg,
140101-004327_TRU_tt_76s.wav,9234.375,140101-004327_TRU_tt_76s.jpg,
210623-142411_17s_tru_tt.wav,2625,210623-142411_17s_tru_tt.jpg,
211104-105318_TOT_tt_1s.wav,6046.875,211104-105318_TOT_tt_1s.jpg,
210707-112340_3s_myk_tt.wav,7781.25,210707-112340_3s_myk_tt.jpg,
220111-131341_TET_tt_1s.wav,3890.625,220111-131341_TET_tt_1s.jpg,
211102-105521_TRU_tt_20s.wav,2437.5,211102-105521_TRU_tt_20s.jpg,
210625-121053_96s_uiM_tt.wav,8203.125,210625-121053_96s_uiM_tt.jpg,
210628-115216_39s_uiM_tt.wav,7312.5,210628-115216_39s_uiM_tt.jpg,
220503-131349_44s_MAU_tt.wav,5953.125,220503-131349_44s_MAU_tt.jpg,
220308-073057_22s_MAU_tt.wav,5531.25,220308-073057_22s_MAU_tt.jpg,
210621-110928_15s_man_tt.wav,1218.75,210621-110928_15s_man_tt.jpg,
210624-083857_32s_man_tt.wav,4125,210624-083857_32s_man_tt.jpg,
210118-111330_TRU_tt_1s.wav,3421.875,210118-111330_TRU_tt_1s.jpg,
211119-100140_TRU_tt_1s.wav,9046.875,211119-100140_TRU_tt_1s.jpg,
140101-003901_TRU_tt_13s.wav,9140.625,140101-003901_TRU_tt_13s.jpg,
210622-084326_37s_uM_tt.wav,7875,210622-084326_37s_uM_tt.jpg,
220201-133527_7s_uM_tt.wav,3234.375,220201-133527_7s_uM_tt.jpg,
140101-004225_TRU_tt_4s.wav,9046.875,140101-004225_TRU_tt_4s.jpg,
140101-005306_TRU_tt_59s.wav,9187.5,140101-005306_TRU_tt_59s.jpg,
210623-104417_16s_tua_tt.wav,7312.5,210623-104417_16s_tua_tt.jpg,
211022-115357_TIN_tt_7s.wav,10593.75,211022-115357_TIN_tt_7s.jpg,
220120-133515_134s_TRU_tt.wav,9046.875,220120-133515_134s_TRU_tt.jpg,
210719-113456_MYK_tt_5s.wav,5156.25,210719-113456_MYK_tt_5s.jpg,
220207-134328_0.25s_TRU_tt.wav,6703.125,220207-134328_0.25s_TRU_tt.jpg,
210621-110928_9s_man_tt.wav,8531.25,210621-110928_9s_man_tt.jpg,
220120-125119_TET_tt_1s.wav,3421.875,220120-125119_TET_tt_1s.jpg,
210618-080554_1s_tel_tt.wav,5343.75,210618-080554_1s_tel_tt.jpg,
220201-140423_7s_MYK_st.wav,10406.25,220201-140423_7s_MYK_st.jpg,
210916-122225_uafP_tt_7s.wav,10500,210916-122225_uafP_tt_7s.jpg,
220201-100153_MAN_tt_26s.wav,3609.375,220201-100153_MAN_tt_26s.jpg,
220107-072427_TEL_tt_22s.wav,6328.125,220107-072427_TEL_tt_22s.jpg,
211006-081406_TOT_tt_112s.wav,9750,211006-081406_TOT_tt_112s.jpg,
220201-133527_25s_uM_tt.wav,1265.625,220201-133527_25s_uM_tt.jpg,
210617-083954_10s_mul_tt.wav,7640.625,210617-083954_10s_mul_tt.jpg,
220223-083125_92s_TAM_tt.wav,6234.375,220223-083125_92s_TAM_tt.jpg,
220120-133515_74s_TRU_tt.wav,11859.375,220120-133515_74s_TRU_tt.jpg,
210623-142528_44s_tot_tt.wav,1687.5,210623-142528_44s_tot_tt.jpg,
220207-173118_10s_TER_tt.wav,5765.625,220207-173118_10s_TER_tt.jpg,
210623-143633_2s_tru_tt.wav,6234.375,210623-143633_2s_tru_tt.jpg,
210628-115735_34s_uiM_tt.wav,7781.25,210628-115735_34s_uiM_tt.jpg,
210908-110707_TEL_tt_1s.wav,6421.875,210908-110707_TEL_tt_1s.jpg,
211104-105358_TOT_tt_21s.wav,9890.625,211104-105358_TOT_tt_21s.jpg,
211101-133319_PEN_tt_18s.wav,1218.75,211101-133319_PEN_tt_18s.jpg,
210319_0618_1s_tru_tt.wav,9421.875,210319_0618_1s_tru_tt.jpg,
210615-094513_1s_tan_tt.wav,8578.125,210615-094513_1s_tan_tt.jpg,
220120-140057_29s_TRU_ht.wav,8906.25,220120-140057_29s_TRU_ht.jpg,
220120-134701_27s_TRU_tt.wav,9281.25,220120-134701_27s_TRU_tt.jpg,
140101-010122_TRU_tt_1s.wav,9140.625,140101-010122_TRU_tt_1s.jpg,
220204-070022_1s_MUL_tt.wav,5296.875,220204-070022_1s_MUL_tt.jpg,
210624-093049_7s_man_tt.wav,6234.375,210624-093049_7s_man_tt.jpg,
211129-105617_TOT_tt_66s.wav,10500,211129-105617_TOT_tt_66s.jpg,
210621-121359_6s_mis_tt.wav,6609.375,210621-121359_6s_mis_tt.jpg,
210705-105812_1s_mon_tt.wav,6000,210705-105812_1s_mon_tt.jpg,
210624-093049_8s_man_tt.wav,6000,210624-093049_8s_man_tt.jpg,
210623-094607_9s_tot_tt.wav,6046.875,210623-094607_9s_tot_tt.jpg,
210621-121359_74s_ujfM_tt.wav,7546.875,210621-121359_74s_ujfM_tt.jpg,
210928-091208_TET_tt_1s.wav,3796.875,210928-091208_TET_tt_1s.jpg,
211012-111125_uiP_tt_45s.wav,3609.375,211012-111125_uiP_tt_45s.jpg,
220126-142537_MIE_tt_13s.wav,7500,220126-142537_MIE_tt_13s.jpg,
211101-131249_PRU_tt_11s.wav,6187.5,211101-131249_PRU_tt_11s.jpg,
210623-141552_10s_tru_tt.wav,3937.5,210623-141552_10s_tru_tt.jpg,
210624-133756_3s_ujM_tt.wav,7078.125,210624-133756_3s_ujM_tt.jpg,
220223-115747_1s_TRU_tt.wav,3515.625,220223-115747_1s_TRU_tt.jpg,
210629-081006_13s_mez_tt.wav,5859.375,210629-081006_13s_mez_tt.jpg,
220201-133527_24s_uM_tt.wav,1265.625,220201-133527_24s_uM_tt.jpg,
211122-110604_TRU_tt_15s.wav,3515.625,211122-110604_TRU_tt_15s.jpg,
220107-084845_12s_TEL_st.wav,4453.125,220107-084845_12s_TEL_st.jpg,
211022-073549_TIQ_tt_19s.wav,7078.125,211022-073549_TIQ_tt_19s.jpg,
220201-100153_MAN_tt_34s.wav,6328.125,220201-100153_MAN_tt_34s.jpg,
ZOOM0038_TOT_tt_45s.wav,4687.5,ZOOM0038_TOT_tt_45s.jpg,
210624-092509_46s_uim_tt.wav,7921.875,210624-092509_46s_uim_tt.jpg,
210628-115216_78s_uiM_tt.wav,4828.125,210628-115216_78s_uiM_tt.jpg,
220201-100153_MAN_tt_1s.wav,6562.5,220201-100153_MAN_tt_1s.jpg,
210618-084933_15s_tan_tt.wav,8062.5,210618-084933_15s_tan_tt.jpg,
220120-134001_87s_TRU_tt.wav,9937.5,220120-134001_87s_TRU_tt.jpg,
210618-080720_9s_tab_tt.wav,4734.375,210618-080720_9s_tab_tt.jpg,
210924-070344_MEZ_tt_19s.wav,3609.375,210924-070344_MEZ_tt_19s.jpg,
211012-101317_PAT_tt_15s.wav,10078.125,211012-101317_PAT_tt_15s.jpg,
210930-115358_TOT_tt_25s.wav,3890.625,210930-115358_TOT_tt_25s.jpg,
211006-082605_TRU_tt_1s.wav,9281.25,211006-082605_TRU_tt_1s.jpg,
220120-132717_TRU_tt_59s.wav,4921.875,220120-132717_TRU_tt_59s.jpg,
210705-125954_4s_myk_tt.wav,6234.375,210705-125954_4s_myk_tt.jpg,
211005-125122_TOT_tt_1s.wav,11296.875,211005-125122_TOT_tt_1s.jpg,
220203-092039_21s_MON_tt.wav,7218.75,220203-092039_21s_MON_tt.jpg,
140101-004057_TRU_tt_16s.wav,8953.125,140101-004057_TRU_tt_16s.jpg,
210705-130134_14s_uiM_tt.wav,4781.25,210705-130134_14s_uiM_tt.jpg,
220120-124917_TET_tt_44s.wav,9140.625,220120-124917_TET_tt_44s.jpg,
210715-090639_3s_uM_tt.wav,6281.25,210715-090639_3s_uM_tt.jpg,
210423_0767_10s_pes_tt.wav,5953.125,210423_0767_10s_pes_tt.jpg,
210707-112340_9s_myk_tt.wav,7687.5,210707-112340_9s_myk_tt.jpg,
210629-092308_13s_mis_tt.wav,4265.625,210629-092308_13s_mis_tt.jpg,
210624-121617_33s_mis_tt.wav,6046.875,210624-121617_33s_mis_tt.jpg,
210629-055012_9s_MUL_tt.wav,6656.25,210629-055012_9s_MUL_tt.jpg,
220208-124358_34s_TAM_tt.wav,8250,220208-124358_34s_TAM_tt.jpg,
210713-065557_17s_may_tt.wav,6609.375,210713-065557_17s_may_tt.jpg,
220202-153635_MIE_tt_3s.wav,4218.75,220202-153635_MIE_tt_3s.jpg,
210924-075636_MUL_tt_4s.wav,8390.625,210924-075636_MUL_tt_4s.jpg,
220309-151105_21s_MUL_tt.wav,7265.625,220309-151105_21s_MUL_tt.jpg,
211215-092207_PAT_tt_64s.wav,6984.375,211215-092207_PAT_tt_64s.jpg,
220308-092126_18s_uM_tt.wav,3328.125,220308-092126_18s_uM_tt.jpg,
211104-110056_TOT_tt_20s.wav,7078.125,211104-110056_TOT_tt_20s.jpg,
210916-122036_uafP_tt_14s.wav,5484.375,210916-122036_uafP_tt_14s.jpg,
211101-131059_PRU_tt_83s.wav,9890.625,211101-131059_PRU_tt_83s.jpg,
210922-124611_uiM_tt_9s.wav,3281.25,210922-124611_uiM_tt_9s.jpg,
220202-153635_MIE_tt_1s.wav,6890.625,220202-153635_MIE_tt_1s.jpg,
220120-134001_117s_TRU_ht.wav,14531.25,220120-134001_117s_TRU_ht.jpg,
210628-124211_9s_uM_tt.wav,7031.25,210628-124211_9s_uM_tt.jpg,
210625-110714_13s_mon_tt.wav,6468.75,210625-110714_13s_mon_tt.jpg,
140101-005306_TRU_tt_1s.wav,9421.875,140101-005306_TRU_tt_1s.jpg,
210625-110714_189s_mon_tt.wav,6703.125,210625-110714_189s_mon_tt.jpg,
220324-062549_3s_TOT_tt.wav,7921.875,220324-062549_3s_TOT_tt.jpg,
210628-115657_19s_uiM_tt.wav,4171.875,210628-115657_19s_uiM_tt.jpg,
210628-100800_72s_uiM_tt.wav,4125,210628-100800_72s_uiM_tt.jpg,
220303-095929_75s_MIE_tt.wav,4546.875,220303-095929_75s_MIE_tt.jpg,
210616-131243_6s_ujT_tt.wav,3234.375,210616-131243_6s_ujT_tt.jpg,
210701-122810_43s_mon_tt.wav,7781.25,210701-122810_43s_mon_tt.jpg,
211006-081406_TOT_tt_64s.wav,9187.5,211006-081406_TOT_tt_64s.jpg,
210625-114034_5s_man_tt.wav,6234.375,210625-114034_5s_man_tt.jpg,
210629-072113_53s_uaM_tt.wav,7171.875,210629-072113_53s_uaM_tt.jpg,
210625-115545_113s_may_tt.wav,6468.75,210625-115545_113s_may_tt.jpg,
210930-115139_TOT_tt_1s.wav,9796.875,210930-115139_TOT_tt_1s.jpg,
210715-080808_27s_uM_tt.wav,7875,210715-080808_27s_uM_tt.jpg,
210713-090703_1s_mul_tt.wav,1640.625,210713-090703_1s_mul_tt.jpg,
210623-110654_9s_tab_tt.wav,5250,210623-110654_9s_tab_tt.jpg,
220120-124917_TET_tt_17s.wav,9000,220120-124917_TET_tt_17s.jpg,
211125-083808_PEQ_st_7s.wav,8625,211125-083808_PEQ_st_7s.jpg,
221206-073548_15s_TET_tt.wav,8859.375,221206-073548_15s_TET_tt.jpg,
210615-094513_4s_tan_tt.wav,10265.625,210615-094513_4s_tan_tt.jpg,
211209-112150_MIE_tt_13s.wav,6468.75,211209-112150_MIE_tt_13s.jpg,
210308_0473_1s_tic_tt.wav,984.375,210308_0473_1s_tic_tt.jpg,
210628-100630_1s_uM_tt.wav,8671.875,210628-100630_1s_uM_tt.jpg,
210624-083857_33s_man_tt.wav,3562.5,210624-083857_33s_man_tt.jpg,
211123-104000_TRU_tt_12s.wav,8718.75,211123-104000_TRU_tt_12s.jpg,
220120-133810_41s_TRU_tt.wav,8671.875,220120-133810_41s_TRU_tt.jpg,
220120-134001_89s_TRU_tt.wav,10171.875,220120-134001_89s_TRU_tt.jpg,
210713-064357_16s_uiM_tt.wav,6984.375,210713-064357_16s_uiM_tt.jpg,
220126-075743_1s_MIE_tt.wav,8109.375,220126-075743_1s_MIE_tt.jpg,
211209-112549_uM_tt_49s.wav,3562.5,211209-112549_uM_tt_49s.jpg,
220208-164331_14s_TOT_tt.wav,12234.375,220208-164331_14s_TOT_tt.jpg,
210412_0734_17s_tic_tt.wav,5578.125,210412_0734_17s_tic_tt.jpg,
140101-005034_TRU_tt_66s.wav,8953.125,140101-005034_TRU_tt_66s.jpg,
210629-065315_14s_uiM_tt.wav,7640.625,210629-065315_14s_uiM_tt.jpg,
210625-110714_37s_mon_tt.wav,4031.25,210625-110714_37s_mon_tt.jpg,
210624-070234_12s_uM_tt.wav,12375,210624-070234_12s_uM_tt.jpg,
221214-130657_10s_MON_tt.wav,6093.75,221214-130657_10s_MON_tt.jpg,
211130-125454_TET_tt_1s.wav,3796.875,211130-125454_TET_tt_1s.jpg,
210709-121035_27s_ujfM_tt.wav,5156.25,210709-121035_27s_ujfM_tt.jpg,
210707-074146_17s_mie_tt.wav,6937.5,210707-074146_17s_mie_tt.jpg,
220120-134956_41s_TRU_tt.wav,8765.625,220120-134956_41s_TRU_tt.jpg,
210618-084933_6s_tan_tt.wav,4078.125,210618-084933_6s_tan_tt.jpg,
210707-060034_14s_mil_tt.wav,6093.75,210707-060034_14s_mil_tt.jpg,
211118-135005_TRU_ht_3s.wav,8625,211118-135005_TRU_ht_3s.jpg,
210628-115735_36s_uiM_tt.wav,1921.875,210628-115735_36s_uiM_tt.jpg,
211209-112150_MIE_tt_124s.wav,7031.25,211209-112150_MIE_tt_124s.jpg,
140101-005951_TRU_tt_78s.wav,9140.625,140101-005951_TRU_tt_78s.jpg,
211209-112549_uM_tt_28s.wav,1359.375,211209-112549_uM_tt_28s.jpg,
210618-082219_1s_tel_tt.wav,3796.875,210618-082219_1s_tel_tt.jpg,
210324_0663_37s_ter_tt.wav,10312.5,210324_0663_37s_ter_tt.jpg,
210713-064625_2s_myk_tt.wav,5343.75,210713-064625_2s_myk_tt.jpg,
210616-132529_1s_tes_tt.wav,9843.75,210616-132529_1s_tes_tt.jpg,
220120-132928_1s_TRU_tt.wav,3421.875,220120-132928_1s_TRU_tt.jpg,
211208-111657_MIE_tt_26s.wav,6984.375,211208-111657_MIE_tt_26s.jpg,
210628-092220_9.5s_uiM_tt.wav,7218.75,210628-092220_9.5s_uiM_tt.jpg,
210621-121359_29s_mis_tt.wav,3890.625,210621-121359_29s_mis_tt.jpg,
210616-124210_5s_tua_tt.wav,7828.125,210616-124210_5s_tua_tt.jpg,
210625-094245_10s_uM_tt.wav,8765.625,210625-094245_10s_uM_tt.jpg,
210719-113456_MYK_tt_2s.wav,1828.125,210719-113456_MYK_tt_2s.jpg,
211208-111533_MYK_tt_26s.wav,3890.625,211208-111533_MYK_tt_26s.jpg,
210628-123222_8s_uiM_tt.wav,4078.125,210628-123222_8s_uiM_tt.jpg,
210628-115216_71s_uiM_tt.wav,5437.5,210628-115216_71s_uiM_tt.jpg,
210916-122036_uafP_tt_11s.wav,9562.5,210916-122036_uafP_tt_11s.jpg,
210624-083131_21s_um_tt.wav,4265.625,210624-083131_21s_um_tt.jpg,
210624-094201_17s_uM_tt.wav,10546.875,210624-094201_17s_uM_tt.jpg,
211209-100027_MIE_tt_12s.wav,5812.5,211209-100027_MIE_tt_12s.jpg,
210701-095906_7s_mon_tt.wav,7312.5,210701-095906_7s_mon_tt.jpg,
210706-133751_17s_uiM_tt.wav,4031.25,210706-133751_17s_uiM_tt.jpg,
210629-055354_4s_uiM_tt.wav,6937.5,210629-055354_4s_uiM_tt.jpg,
211104-105610_TOT_tt_1s.wav,6468.75,211104-105610_TOT_tt_1s.jpg,
220303-095929_74s_MIE_tt.wav,4171.875,220303-095929_74s_MIE_tt.jpg,
210623-141437_44s_tru_tt.wav,3562.5,210623-141437_44s_tru_tt.jpg,
210625-094400_1s_mon_tt.wav,10218.75,210625-094400_1s_mon_tt.jpg,
211104-105610_TOT_tt_10s.wav,6281.25,211104-105610_TOT_tt_10s.jpg,
220208-124358_50s_TOT_tt.wav,6609.375,220208-124358_50s_TOT_tt.jpg,
210624-101919_12s_uiM_tt.wav,4781.25,210624-101919_12s_uiM_tt.jpg,
210616-123023_1s_uT_tt.wav,9046.875,210616-123023_1s_uT_tt.jpg,
220107-085143_TET_tt_21s.wav,9187.5,220107-085143_TET_tt_21s.jpg,
220208-164331_16s_TOT_tt.wav,6328.125,220208-164331_16s_TOT_tt.jpg,
220120-134001_82s_TRU_tt.wav,9703.125,220120-134001_82s_TRU_tt.jpg,
210624-083857_38s_man_tt.wav,6000,210624-083857_38s_man_tt.jpg,
210618-084933_1s_tan_tt.wav,5531.25,210618-084933_1s_tan_tt.jpg,
220120-134001_47s_TRU_tt.wav,3609.375,220120-134001_47s_TRU_tt.jpg,
210924-070440_MEZ_tt_21s.wav,3843.75,210924-070440_MEZ_tt_21s.jpg,
210707-092016_17s_mil_tt.wav,6375,210707-092016_17s_mil_tt.jpg,
210519-083812_ue_tt_015.wav,3703.125,210519-083812_ue_tt_015.jpg,
220223-075957_9s_uT_tt.wav,6609.375,220223-075957_9s_uT_tt.jpg,
220223-073500_8s_TRU_tt.wav,5203.125,220223-073500_8s_TRU_tt.jpg,
210930-115139_TOT_tt_22s.wav,9140.625,210930-115139_TOT_tt_22s.jpg,
210708-111200_13s_ujfM_tt.wav,6468.75,210708-111200_13s_ujfM_tt.jpg,
211130-125454_TET_tt_78s.wav,3984.375,211130-125454_TET_tt_78s.jpg,
210625-102008_5s_mus_tt.wav,7406.25,210625-102008_5s_mus_tt.jpg,
210615-094625_2s_tot_tt.wav,9046.875,210615-094625_2s_tot_tt.jpg,
211101-131059_PRU_tt_12s.wav,2671.875,211101-131059_PRU_tt_12s.jpg,
211022-090931_TIC_tt_18s.wav,3796.875,211022-090931_TIC_tt_18s.jpg,
210625-122225_23s_uiM_tt.wav,7640.625,210625-122225_23s_uiM_tt.jpg,
210118-074622_TUA_tt_25s.wav,1406.25,210118-074622_TUA_tt_25s.jpg,
210624-143821_8s_uM_tt.wav,12046.875,210624-143821_8s_uM_tt.jpg,
210519-083812_ue_tt_008.wav,3984.375,210519-083812_ue_tt_008.jpg,
210621-110928_5s_man_tt.wav,8390.625,210621-110928_5s_man_tt.jpg,
210906-125124_TES_tt_36s.wav,3890.625,210906-125124_TES_tt_36s.jpg,
211208-111533_MYK_tt_23s.wav,11343.75,211208-111533_MYK_tt_23s.jpg,
210624-100923_42s_uiM_tt.wav,4453.125,210624-100923_42s_uiM_tt.jpg,
210628-100800_129s_man_tt.wav,3937.5,210628-100800_129s_man_tt.jpg,
210916-121921_uafP_tt_1s.wav,10031.25,210916-121921_uafP_tt_1s.jpg,
210623-141926_0s_tru_tt.wav,3562.5,210623-141926_0s_tru_tt.jpg,
210412_0729_198s_ter_tt.wav,9609.375,210412_0729_198s_ter_tt.jpg,
220223-084124_1s_TAM_tt.wav,6421.875,220223-084124_1s_TAM_tt.jpg,
210706-124505_5s_uiM_tt.wav,1546.875,210706-124505_5s_uiM_tt.jpg,
210615-095350_1s_uT_tt.wav,6046.875,210615-095350_1s_uT_tt.jpg,
220120-134956_42s_TOT_tt.wav,11671.875,220120-134956_42s_TOT_tt.jpg,
210715-111525_19s_ufM_tt.wav,7968.75,210715-111525_19s_ufM_tt.jpg,
210702-080437_53s_mis_tt.wav,6843.75,210702-080437_53s_mis_tt.jpg,
210629-082220_15s_mez_tt.wav,3796.875,210629-082220_15s_mez_tt.jpg,
210705-102150_16s_mus_tt.wav,6843.75,210705-102150_16s_mus_tt.jpg,
210701-122207_7s_uM_tt.wav,6890.625,210701-122207_7s_uM_tt.jpg,
140101-005426_TRU_tt_1s.wav,9234.375,140101-005426_TRU_tt_1s.jpg,
221214-130657_24s_MON_tt.wav,5812.5,221214-130657_24s_MON_tt.jpg,
220201-130111_12s_MEZ_tt.wav,7312.5,220201-130111_12s_MEZ_tt.jpg,
210624-100923_25s_uiM_tt.wav,5203.125,210624-100923_25s_uiM_tt.jpg,
210623-142713_43s_tab_tt.wav,6140.625,210623-142713_43s_tab_tt.jpg,
210617-122024_9s_uiM_tt.wav,11484.375,210617-122024_9s_uiM_tt.jpg,
210702-080437_8s_mis_tt.wav,4078.125,210702-080437_8s_mis_tt.jpg,
211130-134607_TRU_tt_4s.wav,11765.625,211130-134607_TRU_tt_4s.jpg,
210908-094800_TIC_tt_1s.wav,5343.75,210908-094800_TIC_tt_1s.jpg,
210625-120530_1s_uiM_tt.wav,8062.5,210625-120530_1s_uiM_tt.jpg,
221214-143601_210s_MIS_tt.wav,8906.25,221214-143601_210s_MIS_tt.jpg,
210625-110714_196s_mon_tt.wav,6046.875,210625-110714_196s_mon_tt.jpg,
220120-134225_7s_TRU_tt.wav,9796.875,220120-134225_7s_TRU_tt.jpg,
211117-070643_TEL_tt_4s.wav,6093.75,211117-070643_TEL_tt_4s.jpg,
220120-133810_34s_TRU_tt.wav,5484.375,220120-133810_34s_TRU_tt.jpg,
210624-101919_8s_uiM_tt.wav,8343.75,210624-101919_8s_uiM_tt.jpg,
220126-142537_MIE_tt_15s.wav,7500,220126-142537_MIE_tt_15s.jpg,
211103-061042_TER_tt_1s.wav,3234.375,211103-061042_TER_tt_1s.jpg,
210707-064613_1s_ujfM_tt.wav,5390.625,210707-064613_1s_ujfM_tt.jpg,
210624-094201_24s_uM_tt.wav,11156.25,210624-094201_24s_uM_tt.jpg,
210624-100923_66s_uiM_tt.wav,8625,210624-100923_66s_uiM_tt.jpg,
140101-003737_TRU_tt_26s.wav,8671.875,140101-003737_TRU_tt_26s.jpg,
210921-064716_uiM_tt_1s.wav,3468.75,210921-064716_uiM_tt_1s.jpg,
210622-084326_8s_mis_tt.wav,7875,210622-084326_8s_mis_tt.jpg,
210621-121359_73s_ujfM_tt.wav,8437.5,210621-121359_73s_ujfM_tt.jpg,
211104-105358_TOT_tt_12s.wav,6609.375,211104-105358_TOT_tt_12s.jpg,
210624-101919_21s_uiM_tt.wav,7781.25,210624-101919_21s_uiM_tt.jpg,
140101-005426_TRU_tt_12s.wav,9421.875,140101-005426_TRU_tt_12s.jpg,
210719-113456_MYK_tt_6.8s.wav,1406.25,210719-113456_MYK_tt_6.8s.jpg,
210705-102150_3s_mus_tt.wav,6937.5,210705-102150_3s_mus_tt.jpg,
210906-132004_TES_tt_1s.wav,9421.875,210906-132004_TES_tt_1s.jpg,
220120-133810_89s_TRU_tt.wav,9703.125,220120-133810_89s_TRU_tt.jpg,
210617-122024_21s_uiM_tt.wav,9750,210617-122024_21s_uiM_tt.jpg,
210623-142125_63s_tua_tt.wav,6562.5,210623-142125_63s_tua_tt.jpg,
210624-070234_1s_uM_tt.wav,8062.5,210624-070234_1s_uM_tt.jpg,
210623-101737_43s_tho_tt.wav,7640.625,210623-101737_43s_tho_tt.jpg,
210618-084339_21s_tot_tt.wav,9562.5,210618-084339_21s_tot_tt.jpg,
220120-131418_TET_tt_26s.wav,9328.125,220120-131418_TET_tt_26s.jpg,
211101-124330_PRU_tt_18s.wav,3984.375,211101-124330_PRU_tt_18s.jpg,
220120-132420_TRU_tt_15s.wav,9656.25,220120-132420_TRU_tt_15s.jpg,
210621-121359_77s_mis_tt.wav,11625,210621-121359_77s_mis_tt.jpg,
210118-085357_TEL_tt_1s.wav,6046.875,210118-085357_TEL_tt_1s.jpg,
220201-133457_19s_MIE_st.wav,13125,220201-133457_19s_MIE_st.jpg,
210616-140527_TOT_tt_3s.wav,12796.875,210616-140527_TOT_tt_3s.jpg,
210623-150444_1s_tot_tt.wav,6468.75,210623-150444_1s_tot_tt.jpg,
210908-111503_TEL_tt_1s.wav,10078.125,210908-111503_TEL_tt_1s.jpg,
210701-122810_58s_mon_tt.wav,7921.875,210701-122810_58s_mon_tt.jpg,
210701-123736_20s_uM_tt.wav,6000,210701-123736_20s_uM_tt.jpg,
210629-080716_9s_myk_tt.wav,1265.625,210629-080716_9s_myk_tt.jpg,
210624-134939_3s_mis_tt.wav,12937.5,210624-134939_3s_mis_tt.jpg,
210623-142125_36s_tua_tt.wav,7968.75,210623-142125_36s_tua_tt.jpg,
220309-131825_1s_MYK_tt.wav,6328.125,220309-131825_1s_MYK_tt.jpg,
220203-091225_53s_MON_tt.wav,6703.125,220203-091225_53s_MON_tt.jpg,
211104-105636_TOT_tt_3s.wav,6890.625,211104-105636_TOT_tt_3s.jpg,
211101-131059_PRU_tt_64s.wav,2250,211101-131059_PRU_tt_64s.jpg,
210623-143546_1s_tru_tt.wav,8765.625,210623-143546_1s_tru_tt.jpg,
210616-131243_3s_ujT_tt.wav,3984.375,210616-131243_3s_ujT_tt.jpg,
211103-120012_THO_tt_66s.wav,4218.75,211103-120012_THO_tt_66s.jpg,
210928-091439_TET_tt_44s.wav,8578.125,210928-091439_TET_tt_44s.jpg,
211209-112150_MIE_tt_140s.wav,7828.125,211209-112150_MIE_tt_140s.jpg,
210714-142645_53s_mus_tt.wav,6421.875,210714-142645_53s_mus_tt.jpg,
210625-130108_4s_mus_tt.wav,8015.625,210625-130108_4s_mus_tt.jpg,
210628-095000_6s_myk_tt.wav,3984.375,210628-095000_6s_myk_tt.jpg,
220303-095929_10s_MIE_tt.wav,4359.375,220303-095929_10s_MIE_tt.jpg,
210615-090340_1s_uT_tt.wav,6140.625,210615-090340_1s_uT_tt.jpg,
220207-143343_7s_TOT_tt.wav,6750,220207-143343_7s_TOT_tt.jpg,
210624-060901_2s_man_tt.wav,4500,210624-060901_2s_man_tt.jpg,
210714-142645_77s_uiM_tt.wav,7218.75,210714-142645_77s_uiM_tt.jpg,
220201-133527_13.7s_uM_tt.wav,1312.5,220201-133527_13.7s_uM_tt.jpg,
221206-073548_108s_TET_tt.wav,8812.5,221206-073548_108s_TET_tt.jpg,
210624-052357_6s_uM_tt.wav,11250,210624-052357_6s_uM_tt.jpg,
210629-073011_8s_uiM_tt.wav,10359.375,210629-073011_8s_uiM_tt.jpg,
210706-123607_49s_mie_tt.wav,8109.375,210706-123607_49s_mie_tt.jpg,
210715-090639_7s_uM_tt.wav,6328.125,210715-090639_7s_uM_tt.jpg,
211213-152420_PAT_tt_55s.wav,6093.75,211213-152420_PAT_tt_55s.jpg,
220308-092430_1s_MEZ_tt.wav,3515.625,220308-092430_1s_MEZ_tt.jpg,
210312_0551_1s_tab_tt.wav,7031.25,210312_0551_1s_tab_tt.jpg,
220120-140057_49s_TRU_ht.wav,10218.75,220120-140057_49s_TRU_ht.jpg,
210916-122142_uafP_tt_1s.wav,10171.875,210916-122142_uafP_tt_1s.jpg,
210916-121521_uafP_tt_1s.wav,9609.375,210916-121521_uafP_tt_1s.jpg,
210629-070148_6s_mus_tt.wav,11812.5,210629-070148_6s_mus_tt.jpg,
210715-080808_28s_uM_tt.wav,6984.375,210715-080808_28s_uM_tt.jpg,
220223-075957_21s_uT_tt.wav,6515.625,220223-075957_21s_uT_tt.jpg,
210117-150829_TRU_tt_42s.wav,9515.625,210117-150829_TRU_tt_42s.jpg,
211104-105541_TOT_tt_2s.wav,6375,211104-105541_TOT_tt_2s.jpg,
210625-074406_30s_uM_tt.wav,5953.125,210625-074406_30s_uM_tt.jpg,
210714-142509_13s_ujfM_tt.wav,6375,210714-142509_13s_ujfM_tt.jpg,
211129-110146_TOT_tt_6s.wav,9281.25,211129-110146_TOT_tt_6s.jpg,
211101-131352_PRU_tt_7s.wav,4031.25,211101-131352_PRU_tt_7s.jpg,
210623-150920_1s_uT_tt.wav,8812.5,210623-150920_1s_uT_tt.jpg,
210706-102337_6s_uiM_tt.wav,3984.375,210706-102337_6s_uiM_tt.jpg,
211119-072531_TOT_st_56s.wav,8296.875,211119-072531_TOT_st_56s.jpg,
210628-100800_73s_uiM_tt.wav,3937.5,210628-100800_73s_uiM_tt.jpg,
210930-115114_TOT_tt_1s.wav,4218.75,210930-115114_TOT_tt_1s.jpg,
211130-142340_38s_TEL_tt.wav,6187.5,211130-142340_38s_TEL_tt.jpg,
210312_0554_33s_tam_tt.wav,6890.625,210312_0554_33s_tam_tt.jpg,
210623-102846_3s_ufT_tt.wav,9375,210623-102846_3s_ufT_tt.jpg,
210628-112821_50s_uM_tt.wav,9046.875,210628-112821_50s_uM_tt.jpg,
211215-092207_PAT_tt_26s.wav,6187.5,211215-092207_PAT_tt_26s.jpg,
210405_0711_84s_tic_tt.wav,5343.75,210405_0711_84s_tic_tt.jpg,
210707-061006_31s_uiM_tt.wav,6656.25,210707-061006_31s_uiM_tt.jpg,
210621-121359_5s_mis_tt.wav,6140.625,210621-121359_5s_mis_tt.jpg,
220126-142537_MIE_tt_16s.wav,10687.5,220126-142537_MIE_tt_16s.jpg,
211208-115959_MEZ_tt_20s.wav,5859.375,211208-115959_MEZ_tt_20s.jpg,
211104-105318_TOT_tt_12s.wav,6656.25,211104-105318_TOT_tt_12s.jpg,
211118-134753_TIQ_tt_9s.wav,6046.875,211118-134753_TIQ_tt_9s.jpg,
210708-071624_1s_tes_tt.wav,3890.625,210708-071624_1s_tes_tt.jpg,
211209-112549_uM_tt_29s.wav,6890.625,211209-112549_uM_tt_29s.jpg,
210623-143546_1s_uT_tt.wav,11953.125,210623-143546_1s_uT_tt.jpg,
220223-075957_4s_uT_tt.wav,6890.625,220223-075957_4s_uT_tt.jpg,
140101-010352_TOT_tt_8s.wav,5812.5,140101-010352_TOT_tt_8s.jpg,
210623-141437_53s_tru_tt.wav,6093.75,210623-141437_53s_tru_tt.jpg,
220120-133810_21s_TRU_tt.wav,9468.75,220120-133810_21s_TRU_tt.jpg,
140101-005827_TRU_tt_1s.wav,9421.875,140101-005827_TRU_tt_1s.jpg,
210519-083812_ue_tt_009.wav,7031.25,210519-083812_ue_tt_009.jpg,
210707-083634_28s_uiM_tt.wav,6046.875,210707-083634_28s_uiM_tt.jpg,
211104-105242_TOT_tt_1s.wav,6750,211104-105242_TOT_tt_1s.jpg,
220201-095023_MEZ_tt_34s.wav,9796.875,220201-095023_MEZ_tt_34s.jpg,
221206-072903_0s_TET_tt.wav,8859.375,221206-072903_0s_TET_tt.jpg,
211123-104135_TRU_tt_30s.wav,9000,211123-104135_TRU_tt_30s.jpg,
210707-082217_1s_mon_tt.wav,937.5,210707-082217_1s_mon_tt.jpg,
210629-092308_1s_mis_tt.wav,7453.125,210629-092308_1s_mis_tt.jpg,
210629-075701_26s_myk_tt.wav,5625,210629-075701_26s_myk_tt.jpg,
210623-142713_2s_ufT_tt.wav,3984.375,210623-142713_2s_ufT_tt.jpg,
211104-104951_TOT_tt_3s.wav,6750,211104-104951_TOT_tt_3s.jpg,
220120-135314_16s_TRU_tt.wav,3515.625,220120-135314_16s_TRU_tt.jpg,
210922-131001_MYK_tt_144s.wav,4265.625,210922-131001_MYK_tt_144s.jpg,
220113-130332_TER_tt_22s.wav,10593.75,220113-130332_TER_tt_22s.jpg,
211102-090016_TER_tt_25s.wav,4640.625,211102-090016_TER_tt_25s.jpg,
210713-064357_1s_uiM_tt.wav,4218.75,210713-064357_1s_uiM_tt.jpg,
210117-150829_TRU_tt_53s.wav,10031.25,210117-150829_TRU_tt_53s.jpg,
210714-135259_14s_uiM_tt.wav,7265.625,210714-135259_14s_uiM_tt.jpg,
220120-135314_18s_TRU_tt.wav,9421.875,220120-135314_18s_TRU_tt.jpg,
140101-005426_TRU_tt_39s.wav,3562.5,140101-005426_TRU_tt_39s.jpg,
210621-120707_TUA_tt_4s.wav,6515.625,210621-120707_TUA_tt_4s.jpg,
210930-115506_TOT_tt_43s.wav,9046.875,210930-115506_TOT_tt_43s.jpg,
210922-131001_MYK_tt_138s.wav,3843.75,210922-131001_MYK_tt_138s.jpg,
210624-081110_64s_um_tt.wav,7781.25,210624-081110_64s_um_tt.jpg,
210922-131001_MYK_tt_149s.wav,4171.875,210922-131001_MYK_tt_149s.jpg,
140101-004327_TRU_tt_38s.wav,8578.125,140101-004327_TRU_tt_38s.jpg,
210701-122810_51s_mon_tt.wav,7640.625,210701-122810_51s_mon_tt.jpg,
211012-111125_uiP_tt_24s.wav,5812.5,211012-111125_uiP_tt_24s.jpg,
211209-112549_uM_tt_50s.wav,1265.625,211209-112549_uM_tt_50s.jpg,
220120-125022_TET_tt_16s.wav,4218.75,220120-125022_TET_tt_16s.jpg,
221213-111919_34s_MUL_tt.wav,10500,221213-111919_34s_MUL_tt.jpg,
210618-080554_6s_tel_tt.wav,9234.375,210618-080554_6s_tel_tt.jpg,
210705-130245_7s_uiM_tt.wav,7734.375,210705-130245_7s_uiM_tt.jpg,
211213-152420_PAT_tt_11s.wav,9375,211213-152420_PAT_tt_11s.jpg,
210702-080949_10s_ujfM_tt.wav,6656.25,210702-080949_10s_ujfM_tt.jpg,
211104-105358_TOT_tt_2s.wav,11953.125,211104-105358_TOT_tt_2s.jpg,
210701-095906_9s_mon_tt.wav,7078.125,210701-095906_9s_mon_tt.jpg,
210629-082220_1s_mez_tt.wav,11437.5,210629-082220_1s_mez_tt.jpg,
210713-090703_58s_myk_tt.wav,6046.875,210713-090703_58s_myk_tt.jpg,
210622-092010_3s_ujf_tt.wav,7312.5,210622-092010_3s_ujf_tt.jpg,
210621-120822_14s_ujfM_tt.wav,9375,210621-120822_14s_ujfM_tt.jpg,
210621-121359_86s_mis_tt.wav,7218.75,210621-121359_86s_mis_tt.jpg,
210713-065248_11s_uiM_tt.wav,6281.25,210713-065248_11s_uiM_tt.jpg,
210713-064357_15s_uiM_tt.wav,6421.875,210713-064357_15s_uiM_tt.jpg,
211118-135431_TER_tt_49s.wav,1171.875,211118-135431_TER_tt_49s.jpg,
140101-003737_TRU_tt_1s.wav,3515.625,140101-003737_TRU_tt_1s.jpg,
221206-073548_112s_TET_tt.wav,4171.875,221206-073548_112s_TET_tt.jpg,
220120-135341_67s_TRU_tt.wav,9281.25,220120-135341_67s_TRU_tt.jpg,
210623-102846_13s_ufT_tt.wav,6187.5,210623-102846_13s_ufT_tt.jpg,
220203-092039_17s_MON_tt.wav,6468.75,220203-092039_17s_MON_tt.jpg,
210715-061340_19s_mon_tt.wav,6609.375,210715-061340_19s_mon_tt.jpg,
210629-075701_34s_myk_tt.wav,3890.625,210629-075701_34s_myk_tt.jpg,
220203-161449_MIE_tt_5s.wav,3609.375,220203-161449_MIE_tt_5s.jpg,
210117-150829_TRU_tt_34s.wav,10875,210117-150829_TRU_tt_34s.jpg,
210416_0753_16s_tam_tt.wav,1453.125,210416_0753_16s_tam_tt.jpg,
210705-130332_12s_mil_tt.wav,3984.375,210705-130332_12s_mil_tt.jpg,
210520-104649_um_tt_001.wav,9609.375,210520-104649_um_tt_001.jpg,
210629-092308_0s_mis_tt.wav,6234.375,210629-092308_0s_mis_tt.jpg,
210623-150730_2s_tot_tt.wav,11343.75,210623-150730_2s_tot_tt.jpg,
221206-072611_52s_TET_tt.wav,4453.125,221206-072611_52s_TET_tt.jpg,
210623-150730_1s_tru_tt.wav,1734.375,210623-150730_1s_tru_tt.jpg,
210707-083634_34s_uiM_tt.wav,4171.875,210707-083634_34s_uiM_tt.jpg,
220223-073500_17.0s_TRU_tt.wav,3984.375,220223-073500_17.0s_TRU_tt.jpg,
210922-131001_MYK_tt_55s.wav,4265.625,210922-131001_MYK_tt_55s.jpg,
140101-004004_TRU_tt_24s.wav,3562.5,140101-004004_TRU_tt_24s.jpg,
220203-143725_uM_tt_22s.wav,3609.375,220203-143725_uM_tt_22s.jpg,
210423_0769_19s_pes_tt.wav,5953.125,210423_0769_19s_pes_tt.jpg,
220120-134956_42s_TRU_tt.wav,6421.875,220120-134956_42s_TRU_tt.jpg,
221216-142724_41s_MUS_tt.wav,6937.5,221216-142724_41s_MUS_tt.jpg,
220201-100153_MAN_tt_20s.wav,9375,220201-100153_MAN_tt_20s.jpg,
210623-102300_7s_tot_tt.wav,9234.375,210623-102300_7s_tot_tt.jpg,
210625-121533_13s_ujfM_tt.wav,8812.5,210625-121533_13s_ujfM_tt.jpg,
210629-075830_6s_uiM_tt.wav,8250,210629-075830_6s_uiM_tt.jpg,
210624-100923_106s_uiM_tt.wav,8765.625,210624-100923_106s_uiM_tt.jpg,
211101-133319_PEN_tt_20s.wav,6234.375,211101-133319_PEN_tt_20s.jpg,
210319_0598_62s_tor_tt.wav,4968.75,210319_0598_62s_tor_tt.jpg,
210707-061006_12s_may_tt.wav,9421.875,210707-061006_12s_may_tt.jpg,
220107-072427_TEL_tt_19s.wav,6515.625,220107-072427_TEL_tt_19s.jpg,
211123-061410_TRU_tt_5s.wav,6281.25,211123-061410_TRU_tt_5s.jpg,
220120-140057_122s_TOT_tt.wav,3984.375,220120-140057_122s_TOT_tt.jpg,
210915-102847_uiP_tt_6s.wav,6000,210915-102847_uiP_tt_6s.jpg,
210910-074549_PRI_tt_2s.wav,6562.5,210910-074549_PRI_tt_2s.jpg,
210713-091008_16s_mis_tt.wav,7593.75,210713-091008_16s_mis_tt.jpg,
210625-105535_7s_mon_tt.wav,6656.25,210625-105535_7s_mon_tt.jpg,
211101-124330_PRU_tt_32s.wav,5812.5,211101-124330_PRU_tt_32s.jpg,
210706-125428_18s_man_tt.wav,8531.25,210706-125428_18s_man_tt.jpg,
220120-133810_47s_TRU_tt.wav,9375,220120-133810_47s_TRU_tt.jpg,
210916-121850_uafP_tt_1s.wav,3796.875,210916-121850_uafP_tt_1s.jpg,
211117-062618_TRU_tt_9s.wav,8765.625,211117-062618_TRU_tt_9s.jpg,
140101-003814_TRU_tt_6s.wav,8390.625,140101-003814_TRU_tt_6s.jpg,
211213-152420_PAT_tt_37s.wav,12140.625,211213-152420_PAT_tt_37s.jpg,
210615-094410_36s_tes_tt.wav,3984.375,210615-094410_36s_tes_tt.jpg,
210928-090444_TET_tt_1s.wav,3609.375,210928-090444_TET_tt_1s.jpg,
220120-134001_32s_TRU_tt.wav,10359.375,220120-134001_32s_TRU_tt.jpg,
210621-111024_TOT_tt_5s.wav,6656.25,210621-111024_TOT_tt_5s.jpg,
210623-102805_7s_ufT_tt.wav,4968.75,210623-102805_7s_ufT_tt.jpg,
210715-111006_13s_uiM_tt.wav,7734.375,210715-111006_13s_uiM_tt.jpg,
210628-115423_5s_uiM_tt.wav,7171.875,210628-115423_5s_uiM_tt.jpg,
210625-130108_6s_mus_tt.wav,6890.625,210625-130108_6s_mus_tt.jpg,
210708-071624_3s_tes_tt.wav,3890.625,210708-071624_3s_tes_tt.jpg,
210308_0496_16s_tes_tt.wav,10078.125,210308_0496_16s_tes_tt.jpg,
210625-110714_10s_mon_tt.wav,6328.125,210625-110714_10s_mon_tt.jpg,
211104-105358_TOT_tt_7s.wav,13500,211104-105358_TOT_tt_7s.jpg,
210628-115735_17s_uiM_tt.wav,9656.25,210628-115735_17s_uiM_tt.jpg,
220120-134701_15s_TRU_tt.wav,8015.625,220120-134701_15s_TRU_tt.jpg,
140101-003814_TRU_tt_41s.wav,3515.625,140101-003814_TRU_tt_41s.jpg,
210908-111053_TEL_tt_1s.wav,6281.25,210908-111053_TEL_tt_1s.jpg,
210916-120907_uafP_tt_1s.wav,9140.625,210916-120907_uafP_tt_1s.jpg,
220329-071907_26s_uafP_tt.wav,8671.875,220329-071907_26s_uafP_tt.jpg,
210622-090611_72s_mez_tt.wav,3843.75,210622-090611_72s_mez_tt.jpg,
210824-133438_MIE_tt_2s.wav,4593.75,210824-133438_MIE_tt_2s.jpg,
220120-130041_TET_tt_93s.wav,8531.25,220120-130041_TET_tt_93s.jpg,
210702-080147_63s_mis_tt.wav,6421.875,210702-080147_63s_mis_tt.jpg,
210628-104243_11s_ujf_tt.wav,3000,210628-104243_11s_ujf_tt.jpg,
210924-071028_uiM_tt_21s.wav,3000,210924-071028_uiM_tt_21s.jpg,
210719-104726_MUL_tt_36s.wav,9187.5,210719-104726_MUL_tt_36s.jpg,
211209-112549_uM_tt_51s.wav,1265.625,211209-112549_uM_tt_51s.jpg,
210707-083634_1s_uiM_tt.wav,7218.75,210707-083634_1s_uiM_tt.jpg,
211103-123154_TUA_tt_38s.wav,3890.625,211103-123154_TUA_tt_38s.jpg,
210625-110714_42s_mon_tt.wav,6046.875,210625-110714_42s_mon_tt.jpg,
220120-131201_TET_tt_19s.wav,8531.25,220120-131201_TET_tt_19s.jpg,
210624-071731_1s_myk_tt.wav,6281.25,210624-071731_1s_myk_tt.jpg,
140101-004225_TRU_tt_41s.wav,9281.25,140101-004225_TRU_tt_41s.jpg,
210702-080437_95s_mis_tt.wav,5109.375,210702-080437_95s_mis_tt.jpg,
220308-092126_1s_uM_tt.wav,3328.125,220308-092126_1s_uM_tt.jpg,
220120-132841_TRU_tt_30s.wav,4218.75,220120-132841_TRU_tt_30s.jpg,
210623-142528_43s_tru_tt.wav,6703.125,210623-142528_43s_tru_tt.jpg,
210628-104438_8s_ujM_tt.wav,7734.375,210628-104438_8s_ujM_tt.jpg,
210707-084052_1s_uiM_tt.wav,6515.625,210707-084052_1s_uiM_tt.jpg,
210625-121053_97s_uiM_tt.wav,7359.375,210625-121053_97s_uiM_tt.jpg,
210625-122225_22s_uiM_tt.wav,9046.875,210625-122225_22s_uiM_tt.jpg,
210625-094723_4s_uM_tt.wav,7593.75,210625-094723_4s_uM_tt.jpg,
210618-084933_27s_tan_tt.wav,1921.875,210618-084933_27s_tan_tt.jpg,
211215-092023_PAT_tt_1s.wav,6515.625,211215-092023_PAT_tt_1s.jpg,
220208-164331_19s_TOT_tt.wav,6281.25,220208-164331_19s_TOT_tt.jpg,
210625-110714_123s_mon_tt.wav,6375,210625-110714_123s_mon_tt.jpg,
210623-144113_10s_tot_tt.wav,3562.5,210623-144113_10s_tot_tt.jpg,
210915-102847_uiP_tt_7s.wav,4265.625,210915-102847_uiP_tt_7s.jpg,
220203-151453_MIE_tt_2s.wav,13687.5,220203-151453_MIE_tt_2s.jpg,
210622-084326_13s_mis_tt.wav,7828.125,210622-084326_13s_mis_tt.jpg,
210629-065315_6s_uiM_tt.wav,7921.875,210629-065315_6s_uiM_tt.jpg,
210224_0347_3s_ter_tt.wav,3843.75,210224_0347_3s_ter_tt.jpg,
220120-134225_22s_TRU_tt.wav,9468.75,220120-134225_22s_TRU_tt.jpg,
220120-132420_TRU_tt_50s.wav,5578.125,220120-132420_TRU_tt_50s.jpg,
210707-063902_1s_mul_tt.wav,3984.375,210707-063902_1s_mul_tt.jpg,
220120-133241_69s_TRU_tt.wav,9140.625,220120-133241_69s_TRU_tt.jpg,
210713-090703_9s_mul_tt.wav,10218.75,210713-090703_9s_mul_tt.jpg,
210319_0598_41s_tet_tt.wav,9000,210319_0598_41s_tet_tt.jpg,
211209-112150_MIE_tt_116s.wav,7078.125,211209-112150_MIE_tt_116s.jpg,
210616-130509_TES_tt_12s.wav,10031.25,210616-130509_TES_tt_12s.jpg,
140101-004751_TRU_tt_31s.wav,9375,140101-004751_TRU_tt_31s.jpg,
210621-121359_76.5s_mis_tt.wav,9140.625,210621-121359_76.5s_mis_tt.jpg,
210618-080341_17s_tab_tt.wav,3656.25,210618-080341_17s_tab_tt.jpg,
220201-133527_20.0s_uM_tt.wav,1171.875,220201-133527_20.0s_uM_tt.jpg,
210628-100736_5s_uM_tt.wav,1078.125,210628-100736_5s_uM_tt.jpg,
220201-105655_MAN_tt_1s.wav,8390.625,220201-105655_MAN_tt_1s.jpg,
220107-105442_TEL_tt_1s.wav,6375,220107-105442_TEL_tt_1s.jpg,
210628-105735_21s_mus_tt.wav,4359.375,210628-105735_21s_mus_tt.jpg,
210624-100923_38s_uiM_tt.wav,7968.75,210624-100923_38s_uiM_tt.jpg,
210625-094245_12s_uM_tt.wav,10031.25,210625-094245_12s_uM_tt.jpg,
210922-124611_uiM_tt_1s.wav,1359.375,210922-124611_uiM_tt_1s.jpg,
210629-073011_30s_uiM_tt.wav,6234.375,210629-073011_30s_uiM_tt.jpg,
211102-111827_TRU_tt_20s.wav,3750,211102-111827_TRU_tt_20s.jpg,
210621-121359_82s_mis_tt.wav,7031.25,210621-121359_82s_mis_tt.jpg,
210709-121035_19s_ujfM_tt.wav,6609.375,210709-121035_19s_ujfM_tt.jpg,
220120-131201_TET_tt_28s.wav,8765.625,220120-131201_TET_tt_28s.jpg,
210621-121634_2s_mis_tt.wav,7640.625,210621-121634_2s_mis_tt.jpg,
220201-133527_9s_uM_tt.wav,1359.375,220201-133527_9s_uM_tt.jpg,
210624-100923_48s_uiM_tt.wav,7921.875,210624-100923_48s_uiM_tt.jpg,
210615-094338_1s_uT_tt.wav,6515.625,210615-094338_1s_uT_tt.jpg,
220208-124358_75s_TOT_tt.wav,6421.875,220208-124358_75s_TOT_tt.jpg,
220223-082745_18s_TAM_tt.wav,9140.625,220223-082745_18s_TAM_tt.jpg,
210319_0597_1s_tet_tt.wav,9281.25,210319_0597_1s_tet_tt.jpg,
210412_0729_228s_ter_tt.wav,3937.5,210412_0729_228s_ter_tt.jpg,
220308-092126_3s_uM_tt.wav,3468.75,220308-092126_3s_uM_tt.jpg,
211001-075800_TIC_tt_19s.wav,5390.625,211001-075800_TIC_tt_19s.jpg,
210702-080437_62s_mis_tt.wav,6515.625,210702-080437_62s_mis_tt.jpg,
210616-122823_1s_uT_tt.wav,3937.5,210616-122823_1s_uT_tt.jpg,
210623-150316_12s_tot_tt.wav,11250,210623-150316_12s_tot_tt.jpg,
211123-062715_TEL_ht_7s.wav,6093.75,211123-062715_TEL_ht_7s.jpg,
210629-082220_24s_mez_tt.wav,3468.75,210629-082220_24s_mez_tt.jpg,
210616-131123_1s_tes_tt.wav,4078.125,210616-131123_1s_tes_tt.jpg,
210916-110102_PEA_tt_3s.wav,4218.75,210916-110102_PEA_tt_3s.jpg,
210705-102150_2s_mul_tt.wav,7125,210705-102150_2s_mul_tt.jpg,
211001-081250_TRU_tt_11s.wav,4921.875,211001-081250_TRU_tt_11s.jpg,
210625-102008_14s_mus_tt.wav,4453.125,210625-102008_14s_mus_tt.jpg,
220107-084845_3s_TEL_st.wav,4828.125,220107-084845_3s_TEL_st.jpg,
210617-122024_8s_uiM_tt.wav,9890.625,210617-122024_8s_uiM_tt.jpg,
210702-080437_74s_mis_tt.wav,6187.5,210702-080437_74s_mis_tt.jpg,
210623-102846_5s_ufT_tt.wav,3984.375,210623-102846_5s_ufT_tt.jpg,
220201-133527_16s_uM_tt.wav,2906.25,220201-133527_16s_uM_tt.jpg,
210707-061006_6s_may_tt.wav,6562.5,210707-061006_6s_may_tt.jpg,
220208-125100_32s_TOT_tt.wav,9562.5,220208-125100_32s_TOT_tt.jpg,
210923-070936_MYK_tt_60s.wav,4640.625,210923-070936_MYK_tt_60s.jpg,
220120-131201_TET_tt_13s.wav,3984.375,220120-131201_TET_tt_13s.jpg,
210629-075701_1s_myk_tt.wav,7406.25,210629-075701_1s_myk_tt.jpg,
211209-100750_MON_tt_5s.wav,10031.25,211209-100750_MON_tt_5s.jpg,
211006-082013_TRU_tt_18s.wav,6187.5,211006-082013_TRU_tt_18s.jpg,
220309-151105_5s_MUL_tt.wav,7031.25,220309-151105_5s_MUL_tt.jpg,
210621-121359_38s_mis_tt.wav,6750,210621-121359_38s_mis_tt.jpg,
211130-141846_TAM_tt_118s.wav,6375,211130-141846_TAM_tt_118s.jpg,
210222_0316_20s_tet_tt.wav,3937.5,210222_0316_20s_tet_tt.jpg,
210621-121359_80s_mis_tt.wav,10687.5,210621-121359_80s_mis_tt.jpg,
220308-092126_8s_uM_tt.wav,1546.875,220308-092126_8s_uM_tt.jpg,
210625-121053_101s_uiM_tt.wav,7218.75,210625-121053_101s_uiM_tt.jpg,
211215-092207_PAT_tt_62s.wav,6750,211215-092207_PAT_tt_62s.jpg,
220223-083125_109s_TAM_tt.wav,10640.625,220223-083125_109s_TAM_tt.jpg,
210624-083131_63s_um_tt.wav,8671.875,210624-083131_63s_um_tt.jpg,
211101-131059_PRU_tt_4s.wav,5859.375,211101-131059_PRU_tt_4s.jpg,
211123-104055_TRU_tt_1s.wav,9750,211123-104055_TRU_tt_1s.jpg,
210616-124210_6s_tua_tt.wav,7218.75,210616-124210_6s_tua_tt.jpg,
210705-101115_3s_mon_tt.wav,6468.75,210705-101115_3s_mon_tt.jpg,
211208-115959_MEZ_tt_21s.wav,8109.375,211208-115959_MEZ_tt_21s.jpg,
220126-155024_MYK_tt_21s.wav,5015.625,220126-155024_MYK_tt_21s.jpg,
211213-144913_PAT_tt_1s.wav,6187.5,211213-144913_PAT_tt_1s.jpg,
210618-080720_7s_tab_tt.wav,3937.5,210618-080720_7s_tab_tt.jpg,
220223-075957_22s_uT_tt.wav,6515.625,220223-075957_22s_uT_tt.jpg,
210629-055012_1s_MUL_tt.wav,1031.25,210629-055012_1s_MUL_tt.jpg,
211001-075315_TIC_tt_1s.wav,10171.875,211001-075315_TIC_tt_1s.jpg,
220201-133527_13.4s_uM_tt.wav,1171.875,220201-133527_13.4s_uM_tt.jpg,
140101-003651_TRU_tt_1s.wav,9703.125,140101-003651_TRU_tt_1s.jpg,
210707-061006_34s_may_tt.wav,7828.125,210707-061006_34s_may_tt.jpg,
210916-123819_uafP_tt_22s.wav,6375,210916-123819_uafP_tt_22s.jpg,
210701-122810_54s_uiM_tt.wav,8062.5,210701-122810_54s_uiM_tt.jpg,
210707-060034_40s_mon_tt.wav,5062.5,210707-060034_40s_mon_tt.jpg,
210908-111611_TEL_tt_1s.wav,6000,210908-111611_TEL_tt_1s.jpg,
210713-064036_13s_uiM_tt.wav,6093.75,210713-064036_13s_uiM_tt.jpg,
210924-075636_MUL_tt_12s.wav,9046.875,210924-075636_MUL_tt_12s.jpg,
140101-005208_TRU_tt_6s.wav,9562.5,140101-005208_TRU_tt_6s.jpg,
221216-142724_70s_MUS_tt.wav,6703.125,221216-142724_70s_MUS_tt.jpg,
220120-133241_13s_TRU_tt.wav,9515.625,220120-133241_13s_TRU_tt.jpg,
210623-110654_14s_tab_tt.wav,4171.875,210623-110654_14s_tab_tt.jpg,
210624-100923_76s_uiM_tt.wav,7968.75,210624-100923_76s_uiM_tt.jpg,
220120-133810_36s_TRU_tt.wav,3234.375,220120-133810_36s_TRU_tt.jpg,
210628-115216_69s_uiM_tt.wav,4828.125,210628-115216_69s_uiM_tt.jpg,
210625-121533_38s_ujfM_tt.wav,7875,210625-121533_38s_ujfM_tt.jpg,
211117-070643_TEL_tt_1s.wav,6609.375,211117-070643_TEL_tt_1s.jpg,
210924-071430_MEZ_tt_21s.wav,3515.625,210924-071430_MEZ_tt_21s.jpg,
210707-070059_5s_uafM_tt.wav,7125,210707-070059_5s_uafM_tt.jpg,
210709-101344_8s_uM_tt.wav,6046.875,210709-101344_8s_uM_tt.jpg,
210302_0390_54s_tet_tt.wav,1500,210302_0390_54s_tet_tt.jpg,
210702-082840_1s_mie_tt.wav,4640.625,210702-082840_1s_mie_tt.jpg,
211130-125454_TET_tt_89s.wav,8812.5,211130-125454_TET_tt_89s.jpg,
210629-073011_39s_uiM_tt.wav,6984.375,210629-073011_39s_uiM_tt.jpg,
220120-135341_55s_TUA_tt.wav,4031.25,220120-135341_55s_TUA_tt.jpg,
210625-110601_1s_mon_tt.wav,6140.625,210625-110601_1s_mon_tt.jpg,
220309-132436_50s_MYK_tt.wav,3843.75,220309-132436_50s_MYK_tt.jpg,
210702-080310_51s_mis_tt.wav,6234.375,210702-080310_51s_mis_tt.jpg,
211006-083344_TIC_tt_1s.wav,5390.625,211006-083344_TIC_tt_1s.jpg,
220223-075957_28s_uT_tt.wav,6234.375,220223-075957_28s_uT_tt.jpg,
211215-092207_PAT_tt_1s.wav,7031.25,211215-092207_PAT_tt_1s.jpg,
220107-084845_28s_TEL_st.wav,3890.625,220107-084845_28s_TEL_st.jpg,
210707-061512_9s_ujfM_tt.wav,7500,210707-061512_9s_ujfM_tt.jpg,
210628-122909_26s_uM_tt.wav,4078.125,210628-122909_26s_uM_tt.jpg,
211006-084304_TET_tt_10s.wav,8250,211006-084304_TET_tt_10s.jpg,
210622-090611_46s_mez_tt.wav,5812.5,210622-090611_46s_mez_tt.jpg,
210707-060034_17s_mil_tt.wav,6000,210707-060034_17s_mil_tt.jpg,
210628-115735_12s_uiM_tt.wav,7875,210628-115735_12s_uiM_tt.jpg,
220120-132420_TRU_tt_41s.wav,5812.5,220120-132420_TRU_tt_41s.jpg,
210611-094948_ujP_tt_2s.wav,7031.25,210611-094948_ujP_tt_2s.jpg,
210624-092509_45s_uim_tt.wav,984.375,210624-092509_45s_uim_tt.jpg,
220120-124917_TET_tt_27s.wav,4734.375,220120-124917_TET_tt_27s.jpg,
220126-080115_35s_MIE_st.wav,1781.25,220126-080115_35s_MIE_st.jpg,
220223-075957_1s_uT_tt.wav,6281.25,220223-075957_1s_uT_tt.jpg,
210916-121850_uafP_tt_6s.wav,9468.75,210916-121850_uafP_tt_6s.jpg,
220207-131717_1s_TEL_tt.wav,6234.375,220207-131717_1s_TEL_tt.jpg,
210705-130134_31s_uiM_tt.wav,7359.375,210705-130134_31s_uiM_tt.jpg,
220120-125119_TET_tt_7s.wav,4078.125,220120-125119_TET_tt_7s.jpg,
211103-063353_TER_tt_26s.wav,5296.875,211103-063353_TER_tt_26s.jpg,
211130-125252_TET_tt_23s.wav,6187.5,211130-125252_TET_tt_23s.jpg,
210908-110707_TEL_tt_5s.wav,6093.75,210908-110707_TEL_tt_5s.jpg,
210709-115744_21s_tan_tt.wav,3515.625,210709-115744_21s_tan_tt.jpg,
220126-142537_MIE_tt_23s.wav,13640.625,220126-142537_MIE_tt_23s.jpg,
211130-140536_TRU_tt_1s.wav,8859.375,211130-140536_TRU_tt_1s.jpg,
210702-082917_52s_uM_tt.wav,7125,210702-082917_52s_uM_tt.jpg,
211006-131806_TRU_tt_1s.wav,3609.375,211006-131806_TRU_tt_1s.jpg,
210707-112340_4s_myk_tt.wav,7359.375,210707-112340_4s_myk_tt.jpg,
140101-005034_TRU_tt_38s.wav,8765.625,140101-005034_TRU_tt_38s.jpg,
210624-064957_50s_mez_tt.wav,3421.875,210624-064957_50s_mez_tt.jpg,
220203-091536_7s_MON_tt.wav,6234.375,220203-091536_7s_MON_tt.jpg,
210405_0707_1s_tot_tt.wav,6609.375,210405_0707_1s_tot_tt.jpg,
210701-122810_71s_mon_tt.wav,7734.375,210701-122810_71s_mon_tt.jpg,
210623-150012_1s_uT_tt.wav,3468.75,210623-150012_1s_uT_tt.jpg,
210621-121359_33s_mis_tt.wav,6750,210621-121359_33s_mis_tt.jpg,
220120-135142_47s_TRU_tt.wav,12281.25,220120-135142_47s_TRU_tt.jpg,
210623-142125_13s_tua_tt.wav,9140.625,210623-142125_13s_tua_tt.jpg,
220201-133527_23.0s_uM_tt.wav,1546.875,220201-133527_23.0s_uM_tt.jpg,
210709-115744_26s_tan_tt.wav,5812.5,210709-115744_26s_tan_tt.jpg,
210707-083634_30s_uiM_tt.wav,4968.75,210707-083634_30s_uiM_tt.jpg,
210624-143821_10s_uM_tt.wav,10453.125,210624-143821_10s_uM_tt.jpg,
210707-112111_27s_mie_tt.wav,1500,210707-112111_27s_mie_tt.jpg,
210618-080341_14s_tab_tt.wav,1593.75,210618-080341_14s_tab_tt.jpg,
210226_0364_28s_tru_tt.wav,5390.625,210226_0364_28s_tru_tt.jpg,
210713-091008_9s_mis_tt.wav,3562.5,210713-091008_9s_mis_tt.jpg,
220207-131717_6s_TEL_tt.wav,10171.875,220207-131717_6s_TEL_tt.jpg,
210708-111200_17s_ujfM_tt.wav,6750,210708-111200_17s_ujfM_tt.jpg,
210616-141049_3s_tot_tt.wav,5906.25,210616-141049_3s_tot_tt.jpg,
220308-073243_19s_MAU_tt.wav,5203.125,220308-073243_19s_MAU_tt.jpg,
220308-072035_21s_MAU_tt.wav,4265.625,220308-072035_21s_MAU_tt.jpg,
210705-103417_14s_mez_tt.wav,3421.875,210705-103417_14s_mez_tt.jpg,
211005-125041_TOT_tt_1s.wav,5156.25,211005-125041_TOT_tt_1s.jpg,
210628-115657_3s_uiM_tt.wav,7218.75,210628-115657_3s_uiM_tt.jpg,
220120-125939_16s_TET_tt.wav,8531.25,220120-125939_16s_TET_tt.jpg,
210715-080808_26s_uM_tt.wav,9468.75,210715-080808_26s_uM_tt.jpg,
220121-081953_4s_PES_st.wav,9796.875,220121-081953_4s_PES_st.jpg,
140101-005208_TRU_tt_32s.wav,9375,140101-005208_TRU_tt_32s.jpg,
210701-122207_11s_uM_tt.wav,6843.75,210701-122207_11s_uM_tt.jpg,
210625-110714_100s_mon_tt.wav,3937.5,210625-110714_100s_mon_tt.jpg,
210623-151006_11s_tan_tt.wav,6562.5,210623-151006_11s_tan_tt.jpg,
140101-003901_TRU_tt_30s.wav,9609.375,140101-003901_TRU_tt_30s.jpg,
211125-091359_TET_tt_2s.wav,6234.375,211125-091359_TET_tt_2s.jpg,
210702-080437_40s_mis_tt.wav,6281.25,210702-080437_40s_mis_tt.jpg,
210628-100800_170s_man_tt.wav,9609.375,210628-100800_170s_man_tt.jpg,
210618-080720_1s_tab_tt.wav,4453.125,210618-080720_1s_tab_tt.jpg,
211130-141028_1s_TRU_tt.wav,6562.5,211130-141028_1s_TRU_tt.jpg,
210624-060901_1s_man_tt.wav,9515.625,210624-060901_1s_man_tt.jpg,
210625-121053_100s_uiM_tt.wav,6375,210625-121053_100s_uiM_tt.jpg,
210625-121533_18s_ujfM_tt.wav,7781.25,210625-121533_18s_ujfM_tt.jpg,
210623-143708_1s_ufT_tt.wav,4125,210623-143708_1s_ufT_tt.jpg,
210702-080437_3s_mis_tt.wav,5765.625,210702-080437_3s_mis_tt.jpg,
210705-130332_13s_mil_tt.wav,6281.25,210705-130332_13s_mil_tt.jpg,
210924-070303_MEZ_tt_1s.wav,3609.375,210924-070303_MEZ_tt_1s.jpg,
210702-082713_38s_uM_tt.wav,6937.5,210702-082713_38s_uM_tt.jpg,
211209-112150_MIE_tt_166s.wav,6515.625,211209-112150_MIE_tt_166s.jpg,
211123-104135_TRU_tt_35s.wav,6281.25,211123-104135_TRU_tt_35s.jpg,
211129-104510_TRU_tt_6s.wav,2718.75,211129-104510_TRU_tt_6s.jpg,
211213-152420_PAT_tt_27s.wav,6140.625,211213-152420_PAT_tt_27s.jpg,
220120-132717_TRU_tt_38s.wav,3609.375,220120-132717_TRU_tt_38s.jpg,
220120-134001_41s_TRU_tt.wav,9140.625,220120-134001_41s_TRU_tt.jpg,
210625-121053_102s_uiM_tt.wav,6937.5,210625-121053_102s_uiM_tt.jpg,
210319_0598_71s_tet_tt.wav,4031.25,210319_0598_71s_tet_tt.jpg,
210616-131243_10s_ujT_tt.wav,7406.25,210616-131243_10s_ujT_tt.jpg,
210921-064627_uiM_tt_16s.wav,3234.375,210921-064627_uiM_tt_16s.jpg,
210117-150829_TRU_tt_56s.wav,10125,210117-150829_TRU_tt_56s.jpg,
210707-081733_18s_mon_tt.wav,6609.375,210707-081733_18s_mon_tt.jpg,
221206-073548_126s_TET_tt.wav,9000,221206-073548_126s_TET_tt.jpg,
220120-124917_TET_tt_1s.wav,9046.875,220120-124917_TET_tt_1s.jpg,
220120-134225_49s_TRU_ht.wav,10171.875,220120-134225_49s_TRU_ht.jpg,
210924-070344_MEZ_tt_11s.wav,3562.5,210924-070344_MEZ_tt_11s.jpg,
210625-110714_22s_mon_tt.wav,10546.875,210625-110714_22s_mon_tt.jpg,
210624-071329_41s_ujM_tt.wav,6093.75,210624-071329_41s_ujM_tt.jpg,
210625-115545_117s_may_tt.wav,4078.125,210625-115545_117s_may_tt.jpg,
210624-100923_50s_uiM_tt.wav,7828.125,210624-100923_50s_uiM_tt.jpg,
140101-005951_TRU_tt_47s.wav,3796.875,140101-005951_TRU_tt_47s.jpg,
220216-070840_36s_uafP_tt.wav,10218.75,220216-070840_36s_uafP_tt.jpg,
220120-131201_TET_tt_5s.wav,3656.25,220120-131201_TET_tt_5s.jpg,
211101-133319_PEN_tt_39s.wav,3000,211101-133319_PEN_tt_39s.jpg,
210519-083812_ue_tt_014.wav,6281.25,210519-083812_ue_tt_014.jpg,
211123-104000_TRU_tt_1s.wav,9609.375,211123-104000_TRU_tt_1s.jpg,
210701-124620_31s_myk_tt.wav,7359.375,210701-124620_31s_myk_tt.jpg,
210624-100923_67s_uiM_tt.wav,7218.75,210624-100923_67s_uiM_tt.jpg,
220120-133515_45s_TRU_tt.wav,4921.875,220120-133515_45s_TRU_tt.jpg,
220201-094556_uM_tt_87s.wav,1312.5,220201-094556_uM_tt_87s.jpg,
220107-083201_TRU_tt_75s.wav,9281.25,220107-083201_TRU_tt_75s.jpg,
210618-084933_24s_tan_tt.wav,8671.875,210618-084933_24s_tan_tt.jpg,
210915-064701_uafP_tt_1s.wav,4265.625,210915-064701_uafP_tt_1s.jpg,
220126-155024_uM_tt_30s.wav,1312.5,220126-155024_uM_tt_30s.jpg,
210628-110152_15s_uiM_tt.wav,7218.75,210628-110152_15s_uiM_tt.jpg,
210412_0733_13s_tic_tt.wav,5671.875,210412_0733_13s_tic_tt.jpg,
211101-124330_PRU_tt_33s.wav,1312.5,211101-124330_PRU_tt_33s.jpg,
210628-092220_9s_uiM_tt.wav,7078.125,210628-092220_9s_uiM_tt.jpg,
220201-133527_2s_MEZ_tt.wav,3421.875,220201-133527_2s_MEZ_tt.jpg,
210623-102846_1s_ufT_tt.wav,4218.75,210623-102846_1s_ufT_tt.jpg,
140101-004327_TRU_tt_62s.wav,8812.5,140101-004327_TRU_tt_62s.jpg,
210826-143137_TOT_tt_36s.wav,4500,210826-143137_TOT_tt_36s.jpg,
210623-142528_45s_tru_tt.wav,3515.625,210623-142528_45s_tru_tt.jpg,
140101-004327_TRU_tt_81s.wav,9468.75,140101-004327_TRU_tt_81s.jpg,
210916-121702_uafP_tt_1s.wav,6046.875,210916-121702_uafP_tt_1s.jpg,
210908-101245_TIC_tt_6s.wav,8765.625,210908-101245_TIC_tt_6s.jpg,
210621-110928_7s_man_tt.wav,8203.125,210621-110928_7s_man_tt.jpg,
210624-121617_29s_mis_tt.wav,6187.5,210624-121617_29s_mis_tt.jpg,
210624-083131_69s_uim_tt.wav,4359.375,210624-083131_69s_uim_tt.jpg,
220120-132717_TRU_tt_57s.wav,4171.875,220120-132717_TRU_tt_57s.jpg,
210616-140955_11s_tot_tt.wav,6656.25,210616-140955_11s_tot_tt.jpg,
210625-111827_18s_uiM_tt.wav,9515.625,210625-111827_18s_uiM_tt.jpg,
210714-135259_11s_uiM_tt.wav,4171.875,210714-135259_11s_uiM_tt.jpg,
210624-135438_5s_ujM_tt.wav,7359.375,210624-135438_5s_ujM_tt.jpg,
220120-132841_TRU_tt_20s.wav,4218.75,220120-132841_TRU_tt_20s.jpg,
220201-133527_23.9s_uM_tt.wav,1218.75,220201-133527_23.9s_uM_tt.jpg,
210628-115423_6s_uiM_tt.wav,6093.75,210628-115423_6s_uiM_tt.jpg,
211130-141846_TAM_tt_28s.wav,10687.5,211130-141846_TAM_tt_28s.jpg,
210617-122024_11s_uiM_tt.wav,11109.375,210617-122024_11s_uiM_tt.jpg,
211022-090931_TIC_tt_1s.wav,4640.625,211022-090931_TIC_tt_1s.jpg,
210623-110159_MIL_tt_1s.wav,3937.5,210623-110159_MIL_tt_1s.jpg,
210520-104649_um_tt_002.wav,4078.125,210520-104649_um_tt_002.jpg,
210715-061606_4s_uM_tt.wav,8062.5,210715-061606_4s_uM_tt.jpg,
210621-121359_28s_mis_tt.wav,6234.375,210621-121359_28s_mis_tt.jpg,
210616-140213_TOT_tt_1s.wav,9000,210616-140213_TOT_tt_1s.jpg,
210629-080841_3s_mez_tt.wav,3515.625,210629-080841_3s_mez_tt.jpg,
210715-061606_5s_uM_tt.wav,7687.5,210715-061606_5s_uM_tt.jpg,
140101-004327_TRU_tt_73s.wav,10031.25,140101-004327_TRU_tt_73s.jpg,
210707-061512_4s_ujfM_tt.wav,6234.375,210707-061512_4s_ujfM_tt.jpg,
210519-081801_um_tt_001.wav,6421.875,210519-081801_um_tt_001.jpg,
220207-134224_0.57s_TRU_tt.wav,9000,220207-134224_0.57s_TRU_tt.jpg,
210624-092509_17s_ujfm_tt.wav,6890.625,210624-092509_17s_ujfm_tt.jpg,
210701-122810_64s_mon_tt.wav,7921.875,210701-122810_64s_mon_tt.jpg,
210628-124339_36s_ujfM_tt.wav,9796.875,210628-124339_36s_ujfM_tt.jpg,
210625-122413_14s_uiM_tt.wav,7640.625,210625-122413_14s_uiM_tt.jpg,
210701-122810_60s_mon_tt.wav,7640.625,210701-122810_60s_mon_tt.jpg,
210623-141001_MYK_tt_2s.wav,6937.5,210623-141001_MYK_tt_2s.jpg,
211209-112150_MIE_tt_149s.wav,7031.25,211209-112150_MIE_tt_149s.jpg,
211102-105731_TRU_tt_1s.wav,3609.375,211102-105731_TRU_tt_1s.jpg,
220120-133515_30s_TRU_tt.wav,10406.25,220120-133515_30s_TRU_tt.jpg,
210715-111525_20s_ufM_tt.wav,4265.625,210715-111525_20s_ufM_tt.jpg,
210715-061340_22s_mon_tt.wav,6562.5,210715-061340_22s_mon_tt.jpg,
211118-134753_TIQ_tt_23s.wav,6562.5,211118-134753_TIQ_tt_23s.jpg,
210624-134939_5s_mis_tt.wav,7593.75,210624-134939_5s_mis_tt.jpg,
140101-005034_TRU_tt_1s.wav,9843.75,140101-005034_TRU_tt_1s.jpg,
210916-123819_uafP_tt_13s.wav,3562.5,210916-123819_uafP_tt_13s.jpg,
210623-115516_42s_ujf_tt.wav,6281.25,210623-115516_42s_ujf_tt.jpg,
221206-072903_20s_TET_tt.wav,8765.625,221206-072903_20s_TET_tt.jpg,
210707-074345_1s_mie_tt.wav,7406.25,210707-074345_1s_mie_tt.jpg,
210705-130134_8s_uiM_tt.wav,3843.75,210705-130134_8s_uiM_tt.jpg,
220120-140057_121s_TRU_tt.wav,12375,220120-140057_121s_TRU_tt.jpg,
210617-122024_15s_uiM_tt.wav,11156.25,210617-122024_15s_uiM_tt.jpg,
220223-083854_85s_TAM_tt.wav,8718.75,220223-083854_85s_TAM_tt.jpg,
211005-125519_TIG_tt_43s.wav,3656.25,211005-125519_TIG_tt_43s.jpg,
220120-130041_TET_tt_34s.wav,1031.25,220120-130041_TET_tt_34s.jpg,
211209-100750_MON_tt_14s.wav,6562.5,211209-100750_MON_tt_14s.jpg,
220203-161449_MIE_tt_2s.wav,7078.125,220203-161449_MIE_tt_2s.jpg,
210910-073757_uaf_P_tt_1s.wav,9843.75,210910-073757_uaf_P_tt_1s.jpg,
210624-083533_1s_u_tt.wav,1031.25,210624-083533_1s_u_tt.jpg,
221206-072611_19s_TET_tt.wav,8765.625,221206-072611_19s_TET_tt.jpg,
210824-090100_MYK_tt_1s.wav,4265.625,210824-090100_MYK_tt_1s.jpg,
210715-061340_20s_mon_tt.wav,6140.625,210715-061340_20s_mon_tt.jpg,
210701-122810_104s_mon_tt.wav,7921.875,210701-122810_104s_mon_tt.jpg,
220120-134001_66s_TRU_tt.wav,9234.375,220120-134001_66s_TRU_tt.jpg,
210629-065204_1s_uiM_tt.wav,7359.375,210629-065204_1s_uiM_tt.jpg,
211119-104120_TUA_tt_48s.wav,6796.875,211119-104120_TUA_tt_48s.jpg,
220120-131418_TET_tt_68s.wav,9140.625,220120-131418_TET_tt_68s.jpg,
210624-084044_4s_um_tt.wav,6328.125,210624-084044_4s_um_tt.jpg,
210706-133751_27s_uiM_tt.wav,8156.25,210706-133751_27s_uiM_tt.jpg,
210715-080503_17s_myk_tt.wav,4828.125,210715-080503_17s_myk_tt.jpg,
220201-095023_MEZ_tt_31s.wav,1265.625,220201-095023_MEZ_tt_31s.jpg,
210702-080147_10s_mis_tt.wav,6796.875,210702-080147_10s_mis_tt.jpg,
210625-120716_1s_uM_tt.wav,7734.375,210625-120716_1s_uM_tt.jpg,
210702-080147_1s_mis_tt.wav,6187.5,210702-080147_1s_mis_tt.jpg,
210624-093233_10s_uiM_tt.wav,4828.125,210624-093233_10s_uiM_tt.jpg,
210702-080437_23s_mis_tt.wav,5765.625,210702-080437_23s_mis_tt.jpg,
210701-080100_6s_ufM_tt.wav,5718.75,210701-080100_6s_ufM_tt.jpg,
211117-070643_TEL_tt_2.7s.wav,6656.25,211117-070643_TEL_tt_2.7s.jpg,
211012-111125_uiP_tt_29s.wav,5671.875,211012-111125_uiP_tt_29s.jpg,
220201-133527_15s_uM_tt.wav,2859.375,220201-133527_15s_uM_tt.jpg,
140101-004004_TRU_tt_1s.wav,9281.25,140101-004004_TRU_tt_1s.jpg,
210706-123851_20s_uM_tt.wav,7687.5,210706-123851_20s_uM_tt.jpg,
210621-110928_12s_man_tt.wav,8578.125,210621-110928_12s_man_tt.jpg,
211104-105636_TOT_tt_1s.wav,11953.125,211104-105636_TOT_tt_1s.jpg,
210625-121533_39s_ujfM_tt.wav,7312.5,210625-121533_39s_ujfM_tt.jpg,
210714-173128_15s_mie_tt.wav,6843.75,210714-173128_15s_mie_tt.jpg,
210908-094857_TIC_tt_1s.wav,3328.125,210908-094857_TIC_tt_1s.jpg,
220120-134701_1s_TRU_tt.wav,9750,220120-134701_1s_TRU_tt.jpg,
210615-095438_1s_uT_tt.wav,6140.625,210615-095438_1s_uT_tt.jpg,
210623-115945_31s_ujf_tt.wav,6750,210623-115945_31s_ujf_tt.jpg,
211129-104510_TRU_tt_1s.wav,8250,211129-104510_TRU_tt_1s.jpg,
210629-082220_71s_mez_tt.wav,5765.625,210629-082220_71s_mez_tt.jpg,
220107-084845_35s_TEL_st.wav,4734.375,220107-084845_35s_TEL_st.jpg,
210629-090743_2s_mon_tt.wav,6609.375,210629-090743_2s_mon_tt.jpg,
210623-102846_4s_ufT_tt.wav,3890.625,210623-102846_4s_ufT_tt.jpg,
140101-004225_TRU_tt_10s.wav,9000,140101-004225_TRU_tt_10s.jpg,
210628-115216_76s_uiM_tt.wav,7171.875,210628-115216_76s_uiM_tt.jpg,
210621-120822_15s_ujfM_tt.wav,11015.625,210621-120822_15s_ujfM_tt.jpg,
211006-110620_TES_tt_2s.wav,9984.375,211006-110620_TES_tt_2s.jpg,
210715-080808_28s_mon_tt.wav,3984.375,210715-080808_28s_mon_tt.jpg,
210621-121359_89s_mis_tt.wav,7828.125,210621-121359_89s_mis_tt.jpg,
210701-121831_8s_ujM_tt.wav,8671.875,210701-121831_8s_ujM_tt.jpg,
211209-092558_MIE_tt_7s.wav,5812.5,211209-092558_MIE_tt_7s.jpg,
140101-005034_TRU_tt_14s.wav,8484.375,140101-005034_TRU_tt_14s.jpg,
210706-123851_66s_mon_tt.wav,8109.375,210706-123851_66s_mon_tt.jpg,
211209-100750_MON_tt_30s.wav,3750,211209-100750_MON_tt_30s.jpg,
211130-125454_TET_tt_51s.wav,3984.375,211130-125454_TET_tt_51s.jpg,
210118-075441_TOT_tt_3s.wav,7593.75,210118-075441_TOT_tt_3s.jpg,
210908-111436_TEL_tt_1s.wav,6609.375,210908-111436_TEL_tt_1s.jpg,
220223-073500_17.6s_TRU_tt.wav,12000,220223-073500_17.6s_TRU_tt.jpg,
210824-132141_MAN_tt_3s.wav,6234.375,210824-132141_MAN_tt_3s.jpg,
210924-075545_MUL_tt_22s.wav,9562.5,210924-075545_MUL_tt_22s.jpg,
210615-125428_TOT_tt_16s.wav,8671.875,210615-125428_TOT_tt_16s.jpg,
210414_0742_74s_ujmP_tt.wav,1687.5,210414_0742_74s_ujmP_tt.jpg,
140101-004327_TRU_tt_46s.wav,9093.75,140101-004327_TRU_tt_46s.jpg,
210624-083612_6s_man_tt.wav,8015.625,210624-083612_6s_man_tt.jpg,
220223-083328_7s_TAM_tt.wav,7968.75,220223-083328_7s_TAM_tt.jpg,
210226_0196t_11s_uE_tt.wav,6140.625,210226_0196t_11s_uE_tt.jpg,
220120-135341_70s_TRU_tt.wav,1500,220120-135341_70s_TRU_tt.jpg,
211012-101354_PAT_tt_2s.wav,9046.875,211012-101354_PAT_tt_2s.jpg,
210628-124339_24s_ujfM_tt.wav,9000,210628-124339_24s_ujfM_tt.jpg,
210708-111404_7s_tot_tt.wav,5203.125,210708-111404_7s_tot_tt.jpg,
210629-082135_16s_myk_tt.wav,7828.125,210629-082135_16s_myk_tt.jpg,
210702-081036_1s_ujM_tt.wav,6281.25,210702-081036_1s_ujM_tt.jpg,
211215-092207_PAT_tt_32s.wav,6843.75,211215-092207_PAT_tt_32s.jpg,
211104-104951_TOT_tt_9s.wav,7312.5,211104-104951_TOT_tt_9s.jpg,
140101-004225_TRU_tt_34s.wav,9703.125,140101-004225_TRU_tt_34s.jpg,
210628-120821_ujM_tt_9s.wav,5859.375,210628-120821_ujM_tt_9s.jpg,
210622-084326_6s_mis_tt.wav,7593.75,210622-084326_6s_mis_tt.jpg,
210624-092509_4s_ujfm_tt.wav,1031.25,210624-092509_4s_ujfm_tt.jpg,
211213-152420_PAT_tt_18s.wav,6281.25,211213-152420_PAT_tt_18s.jpg,
210915-064915_uafP_tt_1s.wav,9421.875,210915-064915_uafP_tt_1s.jpg,
210621-121359_74.5s_ujfM_tt.wav,10312.5,210621-121359_74.5s_ujfM_tt.jpg,
220120-133515_88s_TRU_tt.wav,4171.875,220120-133515_88s_TRU_tt.jpg,
210623-134804_24s_uafT_tt.wav,3703.125,210623-134804_24s_uafT_tt.jpg,
210910-070837_uafP_tt_17s.wav,4125,210910-070837_uafP_tt_17s.jpg,
210208_0190_1s_tam_tt.wav,7078.125,210208_0190_1s_tam_tt.jpg,
210628-115657_15s_uiM_tt.wav,6234.375,210628-115657_15s_uiM_tt.jpg,
211006-081406_TOT_tt_93s.wav,6515.625,211006-081406_TOT_tt_93s.jpg,
210623-115945_30s_ujf_tt.wav,9562.5,210623-115945_30s_ujf_tt.jpg,
210629-082220_31s_mez_tt.wav,1218.75,210629-082220_31s_mez_tt.jpg,
210624-071544_12s_uM_tt.wav,8531.25,210624-071544_12s_uM_tt.jpg,
210609-063153_TET_tt_1s.wav,8343.75,210609-063153_TET_tt_1s.jpg,
210416_0756_45s_tru_tt.wav,3843.75,210416_0756_45s_tru_tt.jpg,
220308-072818_17s_MAU_tt.wav,6234.375,220308-072818_17s_MAU_tt.jpg,
210624-134939_1s_mis_tt.wav,7640.625,210624-134939_1s_mis_tt.jpg,
210707-090126_1s_myk_tt.wav,3468.75,210707-090126_1s_myk_tt.jpg,
210715-080503_51s_uM_tt.wav,6093.75,210715-080503_51s_uM_tt.jpg,
211104-105541_TOT_tt_24s.wav,6843.75,211104-105541_TOT_tt_24s.jpg,
210319_0597_10s_tot_tt.wav,9375,210319_0597_10s_tot_tt.jpg,
210622-123743_TES_tt_87s.wav,3562.5,210622-123743_TES_tt_87s.jpg,
211209-112549_uM_tt_68s.wav,2859.375,211209-112549_uM_tt_68s.jpg,
210708-072414_7s_tes_tt.wav,6515.625,210708-072414_7s_tes_tt.jpg,
211209-112549_uM_tt_69s.wav,1265.625,211209-112549_uM_tt_69s.jpg,
210622-100027_9s_ujfT_tt.wav,6562.5,210622-100027_9s_ujfT_tt.jpg,
140101-005208_TRU_tt_27s.wav,9187.5,140101-005208_TRU_tt_27s.jpg,
210625-121350_11s_uM_tt.wav,7921.875,210625-121350_11s_uM_tt.jpg,
211103-124509_TER_tt_4s.wav,4687.5,211103-124509_TER_tt_4s.jpg,
210628-100800_131s_man_tt.wav,4031.25,210628-100800_131s_man_tt.jpg,
210628-115657_5s_uiM_tt.wav,4359.375,210628-115657_5s_uiM_tt.jpg,
220120-133241_22s_TRU_tt.wav,9609.375,220120-133241_22s_TRU_tt.jpg,
210324_0665_3s_ter_tt.wav,10546.875,210324_0665_3s_ter_tt.jpg,
210702-080437_92s_mis_tt.wav,5765.625,210702-080437_92s_mis_tt.jpg,
210930-115727_TOT_tt_1s.wav,13125,210930-115727_TOT_tt_1s.jpg,
210628-110152_47s_uiM_tt.wav,4265.625,210628-110152_47s_uiM_tt.jpg,
210707-111457_23s_uiM_tt.wav,6328.125,210707-111457_23s_uiM_tt.jpg,
210616-132318_TES_tt_11s.wav,3937.5,210616-132318_TES_tt_11s.jpg,
220223-073500_5s_TRU_tt.wav,3703.125,220223-073500_5s_TRU_tt.jpg,
211209-112549_uM_tt_30s.wav,3468.75,211209-112549_uM_tt_30s.jpg,
210916-122009_uafP_tt_1s.wav,9140.625,210916-122009_uafP_tt_1s.jpg,
210707-060034_4s_mil_tt.wav,6140.625,210707-060034_4s_mil_tt.jpg,
210921-064627_uiM_tt_1s.wav,3515.625,210921-064627_uiM_tt_1s.jpg,
210921-085138_MOZ_tt_37s.wav,3234.375,210921-085138_MOZ_tt_37s.jpg,
210916-121227_uafP_tt_1s.wav,6046.875,210916-121227_uafP_tt_1s.jpg,
140101-003901_TRU_tt_41s.wav,9421.875,140101-003901_TRU_tt_41s.jpg,
210623-095258_20s_tin_tt.wav,5250,210623-095258_20s_tin_tt.jpg,
211123-104000_TRU_tt_33s.wav,3562.5,211123-104000_TRU_tt_33s.jpg,
220126-142537_MIE_tt_21s.wav,1218.75,220126-142537_MIE_tt_21s.jpg,
210623-142411_13s_uafT_tt.wav,9093.75,210623-142411_13s_uafT_tt.jpg,
220309-132436_53s_MYK_tt.wav,3843.75,220309-132436_53s_MYK_tt.jpg,
220120-133810_87s_TRU_tt.wav,8765.625,220120-133810_87s_TRU_tt.jpg,
210701-122810_53s_mon_tt.wav,7968.75,210701-122810_53s_mon_tt.jpg,
210625-102008_4s_mus_tt.wav,5718.75,210625-102008_4s_mus_tt.jpg,
210621-121359_53s_mis_tt.wav,6468.75,210621-121359_53s_mis_tt.jpg,
220203-161449_MIE_tt_8s.wav,6609.375,220203-161449_MIE_tt_8s.jpg,
210623-144223_4s_uT_tt.wav,3468.75,210623-144223_4s_uT_tt.jpg,
210701-123736_11s_uM_tt.wav,6656.25,210701-123736_11s_uM_tt.jpg,
210705-102150_21s_mus_tt.wav,6890.625,210705-102150_21s_mus_tt.jpg,
210623-144008_1s_ufT_tt.wav,3890.625,210623-144008_1s_ufT_tt.jpg,
210702-080437_37s_mis_tt.wav,7359.375,210702-080437_37s_mis_tt.jpg,